SentenceId,CodeElementId
1,services/tools.descartes.teastore.registry/src/main/java/tools/descartes/teastore/registry/rest/RegistryREST.java
1,services/tools.descartes.teastore.registry/src/main/java/tools/descartes/teastore/registry/rest/RegistryStartup.java
1,services/tools.descartes.teastore.registry/src/main/java/tools/descartes/teastore/registry/servlet/IndexServlet.java
1,services/tools.descartes.teastore.registry/src/main/java/tools/descartes/teastore/registry/rest/HeartbeatInfo.java
1,services/tools.descartes.teastore.registry/src/main/java/tools/descartes/teastore/registry/rest/Registry.java
2,services/tools.descartes.teastore.webui/src/main/java/tools/descartes/teastore/webui/servlet/ProfileServlet.java
2,services/tools.descartes.teastore.image/src/test/java/tools/descartes/teastore/image/TestImageDB.java
2,services/tools.descartes.teastore.image/src/main/java/tools/descartes/teastore/image/cache/entry/SimpleEntry.java
2,services/tools.descartes.teastore.image/src/test/java/tools/descartes/teastore/image/cache/DummyEntry.java
2,services/tools.descartes.teastore.image/src/test/java/tools/descartes/teastore/image/TestImageScaler.java
2,services/tools.descartes.teastore.image/src/main/java/tools/descartes/teastore/image/ImageScaler.java
2,services/tools.descartes.teastore.image/src/main/java/tools/descartes/teastore/image/cache/entry/TimedEntry.java
2,services/tools.descartes.teastore.image/src/main/java/tools/descartes/teastore/image/setup/StorageMode.java
2,services/tools.descartes.teastore.webui/src/main/java/tools/descartes/teastore/webui/servlet/AboutUsServlet.java
2,services/tools.descartes.teastore.webui/src/main/java/tools/descartes/teastore/webui/servlet/AbstractUIServlet.java
2,services/tools.descartes.teastore.webui/src/main/java/tools/descartes/teastore/webui/servlet/LoginServlet.java
2,services/tools.descartes.teastore.image/src/main/java/tools/descartes/teastore/image/storage/rules/StoreAll.java
2,services/tools.descartes.teastore.image/src/test/java/tools/descartes/teastore/image/storage/TestNoStorage.java
2,services/tools.descartes.teastore.image/src/main/java/tools/descartes/teastore/image/cache/rules/CacheAll.java
2,services/tools.descartes.teastore.image/src/main/java/tools/descartes/teastore/image/setup/CreatorRunner.java
2,services/tools.descartes.teastore.image/src/test/java/tools/descartes/teastore/image/storage/TestDriveStorage.java
2,services/tools.descartes.teastore.image/src/main/java/tools/descartes/teastore/image/cache/IDataCache.java
2,services/tools.descartes.teastore.image/src/main/java/tools/descartes/teastore/image/setup/ImageCreator.java
2,services/tools.descartes.teastore.image/src/main/java/tools/descartes/teastore/image/storage/NoStorage.java
2,services/tools.descartes.teastore.image/src/main/java/tools/descartes/teastore/image/storage/rules/StoreLargeImages.java
2,services/tools.descartes.teastore.image/src/main/java/tools/descartes/teastore/image/StoreImage.java
2,services/tools.descartes.teastore.webui/src/main/java/tools/descartes/teastore/webui/servlet/StatusServlet.java
2,services/tools.descartes.teastore.webui/src/main/java/tools/descartes/teastore/webui/servlet/LoginActionServlet.java
2,services/tools.descartes.teastore.image/src/test/java/tools/descartes/teastore/image/TestImageProvider.java
2,services/tools.descartes.teastore.image/src/main/java/tools/descartes/teastore/image/setup/ImageIDFactory.java
2,services/tools.descartes.teastore.image/src/test/java/tools/descartes/teastore/image/cache/TestRandomReplacement.java
2,services/tools.descartes.teastore.image/src/test/java/tools/descartes/teastore/image/cache/TestLastInFirstOut.java
2,services/tools.descartes.teastore.webui/src/main/java/tools/descartes/teastore/webui/startup/WebuiStartup.java
2,services/tools.descartes.teastore.image/src/main/java/tools/descartes/teastore/image/setup/CachingRule.java
2,services/tools.descartes.teastore.image/src/main/java/tools/descartes/teastore/image/setup/ImageProviderStartup.java
2,services/tools.descartes.teastore.image/src/test/java/tools/descartes/teastore/image/cache/DummyData.java
2,services/tools.descartes.teastore.webui/src/main/java/tools/descartes/teastore/webui/servlet/CategoryServlet.java
2,services/tools.descartes.teastore.image/src/test/java/tools/descartes/teastore/image/cache/TestFirstInFirstOut.java
2,services/tools.descartes.teastore.image/src/test/java/tools/descartes/teastore/image/TestImageDBKey.java
2,services/tools.descartes.teastore.image/src/main/java/tools/descartes/teastore/image/ImageDB.java
2,services/tools.descartes.teastore.image/src/test/java/tools/descartes/teastore/image/cache/TestLeastRecentlyUsed.java
2,services/tools.descartes.teastore.webui/src/main/java/tools/descartes/teastore/webui/rest/ReadyRest.java
2,services/tools.descartes.teastore.image/src/test/java/tools/descartes/teastore/image/cache/TestLeastFrequentlyUsed.java
2,services/tools.descartes.teastore.image/src/main/java/tools/descartes/teastore/image/cache/RandomReplacement.java
2,services/tools.descartes.teastore.image/src/main/java/tools/descartes/teastore/image/setup/SetupController.java
2,services/tools.descartes.teastore.image/src/main/java/tools/descartes/teastore/image/rest/ImageProviderEndpoint.java
2,services/tools.descartes.teastore.image/src/main/java/tools/descartes/teastore/image/cache/LeastRecentlyUsed.java
2,services/tools.descartes.teastore.image/src/main/java/tools/descartes/teastore/image/cache/entry/ICacheEntry.java
2,services/tools.descartes.teastore.image/src/main/java/tools/descartes/teastore/image/setup/CreatorFactory.java
2,services/tools.descartes.teastore.image/src/main/java/tools/descartes/teastore/image/ImageDBKey.java
2,services/tools.descartes.teastore.webui/src/main/java/tools/descartes/teastore/webui/servlet/ProductServlet.java
2,services/tools.descartes.teastore.image/src/main/java/tools/descartes/teastore/image/cache/AbstractCache.java
2,services/tools.descartes.teastore.image/src/main/java/tools/descartes/teastore/image/cache/entry/ICachable.java
2,services/tools.descartes.teastore.webui/src/main/java/tools/descartes/teastore/webui/servlet/elhelper/ELHelperUtils.java
2,services/tools.descartes.teastore.image/src/main/java/tools/descartes/teastore/image/cache/entry/CountedEntry.java
2,services/tools.descartes.teastore.image/src/main/java/tools/descartes/teastore/image/ImageProvider.java
2,services/tools.descartes.teastore.image/src/main/java/tools/descartes/teastore/image/storage/DriveStorage.java
2,services/tools.descartes.teastore.image/src/test/java/tools/descartes/teastore/image/cache/TestAbstractCache.java
2,tools/test_webui.sh
2,services/tools.descartes.teastore.image/src/test/java/tools/descartes/teastore/image/cache/TestMostRecentlyUsed.java
2,services/tools.descartes.teastore.image/src/main/java/tools/descartes/teastore/image/setup/StorageRule.java
2,services/tools.descartes.teastore.webui/src/main/java/tools/descartes/teastore/webui/servlet/ErrorServlet.java
2,services/tools.descartes.teastore.image/src/test/java/tools/descartes/teastore/image/TestStoreImage.java
2,services/tools.descartes.teastore.image/src/main/java/tools/descartes/teastore/image/cache/AbstractTreeCache.java
2,services/tools.descartes.teastore.image/src/test/java/tools/descartes/teastore/image/cache/entry/TestAbstractEntry.java
2,services/tools.descartes.teastore.webui/src/main/java/tools/descartes/teastore/webui/servlet/DataBaseServlet.java
2,services/tools.descartes.teastore.image/src/main/java/tools/descartes/teastore/image/cache/AbstractQueueCache.java
2,services/tools.descartes.teastore.image/src/test/java/tools/descartes/teastore/image/cache/entry/TestTimedEntry.java
2,services/tools.descartes.teastore.image/src/main/java/tools/descartes/teastore/image/cache/MostRecentlyUsed.java
2,services/tools.descartes.teastore.image/src/main/java/tools/descartes/teastore/image/storage/IDataStorage.java
2,services/tools.descartes.teastore.image/src/main/java/tools/descartes/teastore/image/setup/CachingMode.java
2,services/tools.descartes.teastore.image/src/test/java/tools/descartes/teastore/image/cache/entry/TestSimpleEntry.java
2,services/tools.descartes.teastore.image/src/test/java/tools/descartes/teastore/image/cache/AbstractCacheTestInit.java
2,services/tools.descartes.teastore.webui/src/main/java/tools/descartes/teastore/webui/servlet/CartActionServlet.java
2,services/tools.descartes.teastore.webui/src/main/java/tools/descartes/teastore/webui/servlet/OrderServlet.java
2,services/tools.descartes.teastore.image/src/main/java/tools/descartes/teastore/image/cache/LastInFirstOut.java
2,services/tools.descartes.teastore.image/src/main/java/tools/descartes/teastore/image/cache/entry/AbstractEntry.java
2,services/tools.descartes.teastore.webui/src/main/java/tools/descartes/teastore/webui/servlet/CartServlet.java
2,services/tools.descartes.teastore.image/src/test/java/tools/descartes/teastore/image/cache/entry/TestCountedEntry.java
2,services/tools.descartes.teastore.image/src/test/java/tools/descartes/teastore/image/cache/entry/AbstractEntryWrapper.java
2,services/tools.descartes.teastore.image/src/test/java/tools/descartes/teastore/image/cache/AbstractCacheWrapper.java
2,services/tools.descartes.teastore.webui/src/main/java/tools/descartes/teastore/webui/servlet/IndexServlet.java
2,services/tools.descartes.teastore.image/src/test/java/tools/descartes/teastore/image/storage/rules/TestStoreAll.java
2,services/tools.descartes.teastore.image/src/main/java/tools/descartes/teastore/image/cache/LeastFrequentlyUsed.java
2,services/tools.descartes.teastore.webui/src/main/java/tools/descartes/teastore/webui/servlet/DataBaseActionServlet.java
2,services/tools.descartes.teastore.image/src/test/java/tools/descartes/teastore/image/cache/rules/TestCacheAll.java
2,services/tools.descartes.teastore.image/src/test/java/tools/descartes/teastore/image/storage/rules/TestStoreLargeImages.java
2,services/tools.descartes.teastore.image/src/main/java/tools/descartes/teastore/image/cache/FirstInFirstOut.java
3,services/tools.descartes.teastore.auth/src/test/java/tools/descartes/teastore/auth/security/ShaSecurityProviderTest.java
3,services/tools.descartes.teastore.auth/src/main/java/tools/descartes/teastore/auth/security/ISessionIdGenerator.java
3,services/tools.descartes.teastore.auth/src/test/java/tools/descartes/teastore/auth/security/ConstantKeyProviderTest.java
3,services/tools.descartes.teastore.auth/src/main/java/tools/descartes/teastore/auth/security/IKeyProvider.java
3,services/tools.descartes.teastore.auth/src/main/java/tools/descartes/teastore/auth/security/ShaSecurityProvider.java
3,services/tools.descartes.teastore.auth/src/main/java/tools/descartes/teastore/auth/security/RandomSessionIdGenerator.java
3,services/tools.descartes.teastore.auth/src/main/java/tools/descartes/teastore/auth/rest/AuthCartRest.java
3,services/tools.descartes.teastore.auth/src/main/java/tools/descartes/teastore/auth/security/ConstantKeyProvider.java
3,services/tools.descartes.teastore.auth/src/main/java/tools/descartes/teastore/auth/startup/AuthStartup.java
3,services/tools.descartes.teastore.auth/src/main/java/tools/descartes/teastore/auth/security/ISecurityProvider.java
3,services/tools.descartes.teastore.auth/src/main/java/tools/descartes/teastore/auth/security/BCryptProvider.java
3,services/tools.descartes.teastore.auth/src/main/java/tools/descartes/teastore/auth/rest/AuthUserActionsRest.java
3,services/tools.descartes.teastore.auth/src/main/java/tools/descartes/teastore/auth/rest/ReadyRest.java
4,services/tools.descartes.teastore.persistence/src/main/java/tools/descartes/teastore/persistence/domain/PersistenceOrder.java
4,services/tools.descartes.teastore.persistence/src/main/java/tools/descartes/teastore/persistence/domain/PersistenceOrderItem.java
4,services/tools.descartes.teastore.recommender/src/test/java/tools/descartes/teastore/recommender/algorithm/AbstractRecommenderFunctionalityTest.java
4,services/tools.descartes.teastore.persistence/src/main/java/tools/descartes/teastore/persistence/rest/CategoryEndpoint.java
4,services/tools.descartes.teastore.persistence/src/main/java/tools/descartes/teastore/persistence/servlet/IndexServlet.java
4,services/tools.descartes.teastore.persistence/src/main/java/tools/descartes/teastore/persistence/domain/OrderItemRepository.java
4,services/tools.descartes.teastore.persistence/src/main/java/tools/descartes/teastore/persistence/rest/ProductEndpoint.java
4,services/tools.descartes.teastore.recommender/src/main/java/tools/descartes/teastore/recommender/algorithm/impl/UseFallBackException.java
4,services/tools.descartes.teastore.persistence/src/test/java/tools/descartes/teastore/persistence/repository/EMFManagerInitializer.java
4,services/tools.descartes.teastore.recommender/src/main/java/tools/descartes/teastore/recommender/servlet/RecommenderStartup.java
4,services/tools.descartes.teastore.persistence/src/main/java/tools/descartes/teastore/persistence/rest/DatabaseGenerationEndpoint.java
4,services/tools.descartes.teastore.persistence/src/main/java/tools/descartes/teastore/persistence/repository/DatabaseManagementEntity.java
4,services/tools.descartes.teastore.persistence/src/test/java/tools/descartes/teastore/persistence/RepositoryTest.java
4,services/tools.descartes.teastore.recommender/src/main/java/tools/descartes/teastore/recommender/rest/RecommendSingleEndpoint.java
4,services/tools.descartes.teastore.persistence/src/main/java/tools/descartes/teastore/persistence/daemons/InitialDataGenerationDaemon.java
4,services/tools.descartes.teastore.persistence/src/main/java/tools/descartes/teastore/persistence/repository/AbstractPersistenceRepository.java
4,services/tools.descartes.teastore.persistence/src/main/java/tools/descartes/teastore/persistence/domain/converters/LocalDateTimeAttributeConverter.java
4,services/tools.descartes.teastore.persistence/src/main/java/tools/descartes/teastore/persistence/repository/EMFManager.java
4,services/tools.descartes.teastore.persistence/src/main/java/tools/descartes/teastore/persistence/domain/PersistenceProduct.java
4,services/tools.descartes.teastore.recommender/src/main/java/tools/descartes/teastore/recommender/servlet/IndexServlet.java
4,services/tools.descartes.teastore.recommender/src/main/java/tools/descartes/teastore/recommender/servlet/RetrainDaemon.java
4,services/tools.descartes.teastore.recommender/src/main/java/tools/descartes/teastore/recommender/algorithm/RecommenderSelector.java
4,services/tools.descartes.teastore.persistence/src/main/java/tools/descartes/teastore/persistence/domain/PersistenceCategory.java
4,services/tools.descartes.teastore.recommender/src/main/java/tools/descartes/teastore/recommender/rest/TrainEndpoint.java
4,services/tools.descartes.teastore.persistence/src/main/java/tools/descartes/teastore/persistence/repository/CacheManager.java
4,services/tools.descartes.teastore.recommender/src/test/java/tools/descartes/teastore/recommender/algorithm/AbstractRecommenderTest.java
4,services/tools.descartes.teastore.persistence/src/test/java/tools/descartes/teastore/persistence/RegistrationDaemon.java
4,services/tools.descartes.teastore.persistence/src/main/java/tools/descartes/teastore/persistence/rest/OrderItemEndpoint.java
4,services/tools.descartes.teastore.persistence/src/main/java/tools/descartes/teastore/persistence/rest/UserEndpoint.java
4,services/tools.descartes.teastore.persistence/src/main/java/tools/descartes/teastore/persistence/domain/UserRepository.java
4,services/tools.descartes.teastore.persistence/src/main/java/tools/descartes/teastore/persistence/domain/ProductRepository.java
4,services/tools.descartes.teastore.persistence/src/main/java/tools/descartes/teastore/persistence/domain/PersistenceUser.java
4,services/tools.descartes.teastore.persistence/src/main/java/tools/descartes/teastore/persistence/repository/DataGenerator.java
4,services/tools.descartes.teastore.recommender/src/main/java/tools/descartes/teastore/recommender/servlet/TrainingSynchronizer.java
4,services/tools.descartes.teastore.recommender/src/main/java/tools/descartes/teastore/recommender/rest/RecommendEndpoint.java
4,services/tools.descartes.teastore.recommender/src/main/java/tools/descartes/teastore/recommender/algorithm/AbstractRecommender.java
4,services/tools.descartes.teastore.persistence/src/test/java/tools/descartes/teastore/persistence/DataGeneratorTest.java
4,services/tools.descartes.teastore.recommender/src/main/java/tools/descartes/teastore/recommender/algorithm/IRecommender.java
4,services/tools.descartes.teastore.persistence/src/main/java/tools/descartes/teastore/persistence/rest/CacheManagerEndpoint.java
4,services/tools.descartes.teastore.persistence/src/main/java/tools/descartes/teastore/persistence/domain/converters/LocalDateAttributeConverter.java
4,services/tools.descartes.teastore.persistence/src/main/java/tools/descartes/teastore/persistence/rest/OrderEndpoint.java
4,services/tools.descartes.teastore.persistence/src/main/java/tools/descartes/teastore/persistence/domain/OrderRepository.java
4,services/tools.descartes.teastore.persistence/src/main/java/tools/descartes/teastore/persistence/domain/CategoryRepository.java
4,services/tools.descartes.teastore.recommender/src/main/java/tools/descartes/teastore/recommender/algorithm/OrderItemSet.java
5,tools/test_webui.sh
5,services/tools.descartes.teastore.webui/src/main/java/tools/descartes/teastore/webui/rest/ReadyRest.java
5,services/tools.descartes.teastore.webui/src/main/java/tools/descartes/teastore/webui/servlet/OrderServlet.java
5,services/tools.descartes.teastore.webui/src/main/java/tools/descartes/teastore/webui/servlet/LoginServlet.java
5,services/tools.descartes.teastore.webui/src/main/java/tools/descartes/teastore/webui/servlet/StatusServlet.java
5,services/tools.descartes.teastore.webui/src/main/java/tools/descartes/teastore/webui/servlet/AboutUsServlet.java
5,services/tools.descartes.teastore.webui/src/main/java/tools/descartes/teastore/webui/servlet/elhelper/ELHelperUtils.java
5,services/tools.descartes.teastore.webui/src/main/java/tools/descartes/teastore/webui/servlet/CartActionServlet.java
5,services/tools.descartes.teastore.webui/src/main/java/tools/descartes/teastore/webui/startup/WebuiStartup.java
5,services/tools.descartes.teastore.webui/src/main/java/tools/descartes/teastore/webui/servlet/LoginActionServlet.java
5,services/tools.descartes.teastore.webui/src/main/java/tools/descartes/teastore/webui/servlet/DataBaseServlet.java
5,services/tools.descartes.teastore.webui/src/main/java/tools/descartes/teastore/webui/servlet/DataBaseActionServlet.java
5,services/tools.descartes.teastore.webui/src/main/java/tools/descartes/teastore/webui/servlet/CartServlet.java
5,services/tools.descartes.teastore.webui/src/main/java/tools/descartes/teastore/webui/servlet/ProductServlet.java
5,services/tools.descartes.teastore.webui/src/main/java/tools/descartes/teastore/webui/servlet/AbstractUIServlet.java
5,services/tools.descartes.teastore.webui/src/main/java/tools/descartes/teastore/webui/servlet/ErrorServlet.java
5,services/tools.descartes.teastore.webui/src/main/java/tools/descartes/teastore/webui/servlet/IndexServlet.java
5,services/tools.descartes.teastore.webui/src/main/java/tools/descartes/teastore/webui/servlet/ProfileServlet.java
5,services/tools.descartes.teastore.webui/src/main/java/tools/descartes/teastore/webui/servlet/CategoryServlet.java
6,services/tools.descartes.teastore.webui/src/main/java/tools/descartes/teastore/webui/servlet/DataBaseActionServlet.java
6,services/tools.descartes.teastore.webui/src/main/java/tools/descartes/teastore/webui/servlet/ProductServlet.java
6,services/tools.descartes.teastore.webui/src/main/java/tools/descartes/teastore/webui/servlet/OrderServlet.java
6,services/tools.descartes.teastore.webui/src/main/java/tools/descartes/teastore/webui/servlet/LoginServlet.java
6,services/tools.descartes.teastore.webui/src/main/java/tools/descartes/teastore/webui/servlet/LoginActionServlet.java
6,services/tools.descartes.teastore.webui/src/main/java/tools/descartes/teastore/webui/startup/WebuiStartup.java
6,services/tools.descartes.teastore.webui/src/main/java/tools/descartes/teastore/webui/servlet/ErrorServlet.java
6,services/tools.descartes.teastore.webui/src/main/java/tools/descartes/teastore/webui/servlet/AboutUsServlet.java
6,services/tools.descartes.teastore.webui/src/main/java/tools/descartes/teastore/webui/servlet/ProfileServlet.java
6,services/tools.descartes.teastore.webui/src/main/java/tools/descartes/teastore/webui/servlet/CategoryServlet.java
6,services/tools.descartes.teastore.webui/src/main/java/tools/descartes/teastore/webui/servlet/DataBaseServlet.java
6,services/tools.descartes.teastore.webui/src/main/java/tools/descartes/teastore/webui/servlet/AbstractUIServlet.java
6,services/tools.descartes.teastore.webui/src/main/java/tools/descartes/teastore/webui/servlet/CartServlet.java
6,tools/test_webui.sh
6,services/tools.descartes.teastore.webui/src/main/java/tools/descartes/teastore/webui/servlet/elhelper/ELHelperUtils.java
6,services/tools.descartes.teastore.webui/src/main/java/tools/descartes/teastore/webui/servlet/IndexServlet.java
6,services/tools.descartes.teastore.webui/src/main/java/tools/descartes/teastore/webui/servlet/StatusServlet.java
6,services/tools.descartes.teastore.webui/src/main/java/tools/descartes/teastore/webui/servlet/CartActionServlet.java
6,services/tools.descartes.teastore.webui/src/main/java/tools/descartes/teastore/webui/rest/ReadyRest.java
7,services/tools.descartes.teastore.image/src/test/java/tools/descartes/teastore/image/cache/AbstractCacheWrapper.java
7,services/tools.descartes.teastore.webui/src/main/java/tools/descartes/teastore/webui/servlet/AbstractUIServlet.java
7,services/tools.descartes.teastore.image/src/main/java/tools/descartes/teastore/image/cache/LastInFirstOut.java
7,services/tools.descartes.teastore.image/src/main/java/tools/descartes/teastore/image/cache/AbstractTreeCache.java
7,services/tools.descartes.teastore.image/src/main/java/tools/descartes/teastore/image/storage/IDataStorage.java
7,services/tools.descartes.teastore.image/src/test/java/tools/descartes/teastore/image/cache/TestLeastFrequentlyUsed.java
7,services/tools.descartes.teastore.image/src/test/java/tools/descartes/teastore/image/TestImageProvider.java
7,services/tools.descartes.teastore.webui/src/main/java/tools/descartes/teastore/webui/servlet/CartServlet.java
7,services/tools.descartes.teastore.image/src/main/java/tools/descartes/teastore/image/cache/FirstInFirstOut.java
7,services/tools.descartes.teastore.image/src/main/java/tools/descartes/teastore/image/storage/NoStorage.java
7,services/tools.descartes.teastore.image/src/main/java/tools/descartes/teastore/image/storage/rules/StoreLargeImages.java
7,services/tools.descartes.teastore.image/src/test/java/tools/descartes/teastore/image/cache/entry/TestCountedEntry.java
7,services/tools.descartes.teastore.image/src/main/java/tools/descartes/teastore/image/cache/LeastFrequentlyUsed.java
7,services/tools.descartes.teastore.image/src/main/java/tools/descartes/teastore/image/cache/entry/ICacheEntry.java
7,services/tools.descartes.teastore.image/src/main/java/tools/descartes/teastore/image/ImageDBKey.java
7,services/tools.descartes.teastore.image/src/test/java/tools/descartes/teastore/image/cache/DummyData.java
7,services/tools.descartes.teastore.image/src/test/java/tools/descartes/teastore/image/cache/AbstractCacheTestInit.java
7,services/tools.descartes.teastore.image/src/test/java/tools/descartes/teastore/image/cache/TestFirstInFirstOut.java
7,services/tools.descartes.teastore.image/src/main/java/tools/descartes/teastore/image/cache/entry/TimedEntry.java
7,services/tools.descartes.teastore.image/src/main/java/tools/descartes/teastore/image/cache/entry/AbstractEntry.java
7,services/tools.descartes.teastore.webui/src/main/java/tools/descartes/teastore/webui/servlet/OrderServlet.java
7,services/tools.descartes.teastore.webui/src/main/java/tools/descartes/teastore/webui/servlet/LoginServlet.java
7,services/tools.descartes.teastore.image/src/main/java/tools/descartes/teastore/image/setup/CreatorFactory.java
7,services/tools.descartes.teastore.image/src/test/java/tools/descartes/teastore/image/TestImageScaler.java
7,services/tools.descartes.teastore.webui/src/main/java/tools/descartes/teastore/webui/servlet/LoginActionServlet.java
7,services/tools.descartes.teastore.image/src/main/java/tools/descartes/teastore/image/cache/entry/CountedEntry.java
7,services/tools.descartes.teastore.webui/src/main/java/tools/descartes/teastore/webui/rest/ReadyRest.java
7,services/tools.descartes.teastore.image/src/test/java/tools/descartes/teastore/image/cache/entry/TestTimedEntry.java
7,services/tools.descartes.teastore.image/src/main/java/tools/descartes/teastore/image/setup/ImageCreator.java
7,services/tools.descartes.teastore.image/src/main/java/tools/descartes/teastore/image/setup/SetupController.java
7,services/tools.descartes.teastore.webui/src/main/java/tools/descartes/teastore/webui/servlet/elhelper/ELHelperUtils.java
7,services/tools.descartes.teastore.image/src/test/java/tools/descartes/teastore/image/TestImageDBKey.java
7,services/tools.descartes.teastore.image/src/main/java/tools/descartes/teastore/image/storage/rules/StoreAll.java
7,services/tools.descartes.teastore.webui/src/main/java/tools/descartes/teastore/webui/servlet/CartActionServlet.java
7,services/tools.descartes.teastore.image/src/main/java/tools/descartes/teastore/image/setup/StorageMode.java
7,services/tools.descartes.teastore.image/src/main/java/tools/descartes/teastore/image/cache/LeastRecentlyUsed.java
7,services/tools.descartes.teastore.image/src/test/java/tools/descartes/teastore/image/storage/rules/TestStoreLargeImages.java
7,services/tools.descartes.teastore.webui/src/main/java/tools/descartes/teastore/webui/servlet/DataBaseActionServlet.java
7,services/tools.descartes.teastore.image/src/main/java/tools/descartes/teastore/image/ImageDB.java
7,services/tools.descartes.teastore.webui/src/main/java/tools/descartes/teastore/webui/servlet/ProductServlet.java
7,services/tools.descartes.teastore.image/src/main/java/tools/descartes/teastore/image/cache/IDataCache.java
7,services/tools.descartes.teastore.image/src/test/java/tools/descartes/teastore/image/storage/TestNoStorage.java
7,services/tools.descartes.teastore.image/src/test/java/tools/descartes/teastore/image/cache/entry/AbstractEntryWrapper.java
7,services/tools.descartes.teastore.image/src/test/java/tools/descartes/teastore/image/cache/TestRandomReplacement.java
7,services/tools.descartes.teastore.webui/src/main/java/tools/descartes/teastore/webui/startup/WebuiStartup.java
7,services/tools.descartes.teastore.image/src/main/java/tools/descartes/teastore/image/ImageScaler.java
7,services/tools.descartes.teastore.image/src/main/java/tools/descartes/teastore/image/setup/ImageIDFactory.java
7,services/tools.descartes.teastore.webui/src/main/java/tools/descartes/teastore/webui/servlet/StatusServlet.java
7,services/tools.descartes.teastore.image/src/main/java/tools/descartes/teastore/image/setup/CachingMode.java
7,services/tools.descartes.teastore.image/src/test/java/tools/descartes/teastore/image/storage/TestDriveStorage.java
7,tools/test_webui.sh
7,services/tools.descartes.teastore.image/src/test/java/tools/descartes/teastore/image/storage/rules/TestStoreAll.java
7,services/tools.descartes.teastore.image/src/main/java/tools/descartes/teastore/image/cache/RandomReplacement.java
7,services/tools.descartes.teastore.image/src/main/java/tools/descartes/teastore/image/StoreImage.java
7,services/tools.descartes.teastore.image/src/test/java/tools/descartes/teastore/image/cache/TestMostRecentlyUsed.java
7,services/tools.descartes.teastore.image/src/test/java/tools/descartes/teastore/image/cache/entry/TestAbstractEntry.java
7,services/tools.descartes.teastore.image/src/test/java/tools/descartes/teastore/image/cache/TestLeastRecentlyUsed.java
7,services/tools.descartes.teastore.webui/src/main/java/tools/descartes/teastore/webui/servlet/CategoryServlet.java
7,services/tools.descartes.teastore.image/src/main/java/tools/descartes/teastore/image/rest/ImageProviderEndpoint.java
7,services/tools.descartes.teastore.image/src/main/java/tools/descartes/teastore/image/setup/StorageRule.java
7,services/tools.descartes.teastore.image/src/test/java/tools/descartes/teastore/image/cache/rules/TestCacheAll.java
7,services/tools.descartes.teastore.image/src/main/java/tools/descartes/teastore/image/cache/AbstractCache.java
7,services/tools.descartes.teastore.image/src/main/java/tools/descartes/teastore/image/cache/AbstractQueueCache.java
7,services/tools.descartes.teastore.image/src/main/java/tools/descartes/teastore/image/cache/rules/CacheAll.java
7,services/tools.descartes.teastore.image/src/test/java/tools/descartes/teastore/image/cache/TestAbstractCache.java
7,services/tools.descartes.teastore.webui/src/main/java/tools/descartes/teastore/webui/servlet/ErrorServlet.java
7,services/tools.descartes.teastore.image/src/main/java/tools/descartes/teastore/image/cache/entry/SimpleEntry.java
7,services/tools.descartes.teastore.image/src/main/java/tools/descartes/teastore/image/setup/CreatorRunner.java
7,services/tools.descartes.teastore.image/src/test/java/tools/descartes/teastore/image/cache/DummyEntry.java
7,services/tools.descartes.teastore.image/src/main/java/tools/descartes/teastore/image/cache/entry/ICachable.java
7,services/tools.descartes.teastore.image/src/test/java/tools/descartes/teastore/image/cache/TestLastInFirstOut.java
7,services/tools.descartes.teastore.image/src/test/java/tools/descartes/teastore/image/TestImageDB.java
7,services/tools.descartes.teastore.webui/src/main/java/tools/descartes/teastore/webui/servlet/IndexServlet.java
7,services/tools.descartes.teastore.image/src/main/java/tools/descartes/teastore/image/ImageProvider.java
7,services/tools.descartes.teastore.webui/src/main/java/tools/descartes/teastore/webui/servlet/AboutUsServlet.java
7,services/tools.descartes.teastore.image/src/main/java/tools/descartes/teastore/image/setup/CachingRule.java
7,services/tools.descartes.teastore.image/src/test/java/tools/descartes/teastore/image/cache/entry/TestSimpleEntry.java
7,services/tools.descartes.teastore.image/src/main/java/tools/descartes/teastore/image/cache/MostRecentlyUsed.java
7,services/tools.descartes.teastore.webui/src/main/java/tools/descartes/teastore/webui/servlet/DataBaseServlet.java
7,services/tools.descartes.teastore.image/src/main/java/tools/descartes/teastore/image/storage/DriveStorage.java
7,services/tools.descartes.teastore.webui/src/main/java/tools/descartes/teastore/webui/servlet/ProfileServlet.java
7,services/tools.descartes.teastore.image/src/main/java/tools/descartes/teastore/image/setup/ImageProviderStartup.java
7,services/tools.descartes.teastore.image/src/test/java/tools/descartes/teastore/image/TestStoreImage.java
8,services/tools.descartes.teastore.webui/src/main/java/tools/descartes/teastore/webui/servlet/elhelper/ELHelperUtils.java
8,services/tools.descartes.teastore.webui/src/main/java/tools/descartes/teastore/webui/servlet/CartServlet.java
8,services/tools.descartes.teastore.webui/src/main/java/tools/descartes/teastore/webui/servlet/StatusServlet.java
8,services/tools.descartes.teastore.webui/src/main/java/tools/descartes/teastore/webui/servlet/LoginServlet.java
8,services/tools.descartes.teastore.webui/src/main/java/tools/descartes/teastore/webui/servlet/LoginActionServlet.java
8,services/tools.descartes.teastore.webui/src/main/java/tools/descartes/teastore/webui/servlet/OrderServlet.java
8,services/tools.descartes.teastore.webui/src/main/java/tools/descartes/teastore/webui/rest/ReadyRest.java
8,services/tools.descartes.teastore.webui/src/main/java/tools/descartes/teastore/webui/servlet/AboutUsServlet.java
8,services/tools.descartes.teastore.webui/src/main/java/tools/descartes/teastore/webui/servlet/DataBaseActionServlet.java
8,services/tools.descartes.teastore.webui/src/main/java/tools/descartes/teastore/webui/servlet/ProfileServlet.java
8,services/tools.descartes.teastore.webui/src/main/java/tools/descartes/teastore/webui/startup/WebuiStartup.java
8,services/tools.descartes.teastore.webui/src/main/java/tools/descartes/teastore/webui/servlet/CategoryServlet.java
8,services/tools.descartes.teastore.webui/src/main/java/tools/descartes/teastore/webui/servlet/CartActionServlet.java
8,services/tools.descartes.teastore.webui/src/main/java/tools/descartes/teastore/webui/servlet/IndexServlet.java
8,services/tools.descartes.teastore.webui/src/main/java/tools/descartes/teastore/webui/servlet/ErrorServlet.java
8,services/tools.descartes.teastore.webui/src/main/java/tools/descartes/teastore/webui/servlet/ProductServlet.java
8,services/tools.descartes.teastore.webui/src/main/java/tools/descartes/teastore/webui/servlet/DataBaseServlet.java
8,services/tools.descartes.teastore.webui/src/main/java/tools/descartes/teastore/webui/servlet/AbstractUIServlet.java
8,tools/test_webui.sh
10,services/tools.descartes.teastore.webui/src/main/java/tools/descartes/teastore/webui/servlet/IndexServlet.java
10,services/tools.descartes.teastore.image/src/main/java/tools/descartes/teastore/image/cache/rules/CacheAll.java
10,services/tools.descartes.teastore.image/src/test/java/tools/descartes/teastore/image/cache/entry/TestAbstractEntry.java
10,services/tools.descartes.teastore.webui/src/main/java/tools/descartes/teastore/webui/servlet/CartServlet.java
10,services/tools.descartes.teastore.image/src/test/java/tools/descartes/teastore/image/cache/rules/TestCacheAll.java
10,services/tools.descartes.teastore.image/src/test/java/tools/descartes/teastore/image/cache/entry/TestCountedEntry.java
10,services/tools.descartes.teastore.image/src/main/java/tools/descartes/teastore/image/setup/CachingMode.java
10,services/tools.descartes.teastore.webui/src/main/java/tools/descartes/teastore/webui/servlet/ProfileServlet.java
10,services/tools.descartes.teastore.image/src/test/java/tools/descartes/teastore/image/cache/TestRandomReplacement.java
10,services/tools.descartes.teastore.image/src/main/java/tools/descartes/teastore/image/ImageProvider.java
10,services/tools.descartes.teastore.image/src/main/java/tools/descartes/teastore/image/cache/entry/TimedEntry.java
10,services/tools.descartes.teastore.image/src/test/java/tools/descartes/teastore/image/cache/AbstractCacheTestInit.java
10,services/tools.descartes.teastore.webui/src/main/java/tools/descartes/teastore/webui/servlet/AboutUsServlet.java
10,services/tools.descartes.teastore.image/src/test/java/tools/descartes/teastore/image/cache/entry/TestSimpleEntry.java
10,services/tools.descartes.teastore.image/src/main/java/tools/descartes/teastore/image/setup/StorageRule.java
10,tools/test_webui.sh
10,services/tools.descartes.teastore.image/src/test/java/tools/descartes/teastore/image/TestStoreImage.java
10,services/tools.descartes.teastore.image/src/main/java/tools/descartes/teastore/image/cache/entry/ICacheEntry.java
10,services/tools.descartes.teastore.image/src/test/java/tools/descartes/teastore/image/storage/TestNoStorage.java
10,services/tools.descartes.teastore.image/src/main/java/tools/descartes/teastore/image/cache/LeastFrequentlyUsed.java
10,services/tools.descartes.teastore.webui/src/main/java/tools/descartes/teastore/webui/servlet/elhelper/ELHelperUtils.java
10,services/tools.descartes.teastore.image/src/main/java/tools/descartes/teastore/image/setup/ImageProviderStartup.java
10,services/tools.descartes.teastore.image/src/main/java/tools/descartes/teastore/image/cache/AbstractTreeCache.java
10,services/tools.descartes.teastore.image/src/main/java/tools/descartes/teastore/image/setup/ImageIDFactory.java
10,services/tools.descartes.teastore.webui/src/main/java/tools/descartes/teastore/webui/servlet/StatusServlet.java
10,services/tools.descartes.teastore.image/src/test/java/tools/descartes/teastore/image/storage/TestDriveStorage.java
10,services/tools.descartes.teastore.image/src/main/java/tools/descartes/teastore/image/storage/DriveStorage.java
10,services/tools.descartes.teastore.image/src/main/java/tools/descartes/teastore/image/storage/rules/StoreLargeImages.java
10,services/tools.descartes.teastore.webui/src/main/java/tools/descartes/teastore/webui/servlet/ErrorServlet.java
10,services/tools.descartes.teastore.image/src/main/java/tools/descartes/teastore/image/cache/entry/SimpleEntry.java
10,services/tools.descartes.teastore.image/src/test/java/tools/descartes/teastore/image/cache/TestMostRecentlyUsed.java
10,services/tools.descartes.teastore.image/src/test/java/tools/descartes/teastore/image/cache/AbstractCacheWrapper.java
10,services/tools.descartes.teastore.image/src/main/java/tools/descartes/teastore/image/cache/AbstractQueueCache.java
10,services/tools.descartes.teastore.image/src/main/java/tools/descartes/teastore/image/cache/MostRecentlyUsed.java
10,services/tools.descartes.teastore.image/src/main/java/tools/descartes/teastore/image/cache/entry/CountedEntry.java
10,services/tools.descartes.teastore.image/src/main/java/tools/descartes/teastore/image/cache/LeastRecentlyUsed.java
10,services/tools.descartes.teastore.image/src/main/java/tools/descartes/teastore/image/ImageDB.java
10,services/tools.descartes.teastore.image/src/main/java/tools/descartes/teastore/image/setup/SetupController.java
10,services/tools.descartes.teastore.image/src/main/java/tools/descartes/teastore/image/cache/IDataCache.java
10,services/tools.descartes.teastore.image/src/main/java/tools/descartes/teastore/image/StoreImage.java
10,services/tools.descartes.teastore.image/src/test/java/tools/descartes/teastore/image/storage/rules/TestStoreAll.java
10,services/tools.descartes.teastore.image/src/test/java/tools/descartes/teastore/image/cache/DummyData.java
10,services/tools.descartes.teastore.image/src/main/java/tools/descartes/teastore/image/ImageScaler.java
10,services/tools.descartes.teastore.image/src/test/java/tools/descartes/teastore/image/cache/TestFirstInFirstOut.java
10,services/tools.descartes.teastore.image/src/test/java/tools/descartes/teastore/image/TestImageDBKey.java
10,services/tools.descartes.teastore.image/src/main/java/tools/descartes/teastore/image/storage/NoStorage.java
10,services/tools.descartes.teastore.image/src/main/java/tools/descartes/teastore/image/cache/RandomReplacement.java
10,services/tools.descartes.teastore.webui/src/main/java/tools/descartes/teastore/webui/servlet/LoginActionServlet.java
10,services/tools.descartes.teastore.webui/src/main/java/tools/descartes/teastore/webui/servlet/CategoryServlet.java
10,services/tools.descartes.teastore.image/src/main/java/tools/descartes/teastore/image/setup/CreatorFactory.java
10,services/tools.descartes.teastore.image/src/test/java/tools/descartes/teastore/image/TestImageDB.java
10,services/tools.descartes.teastore.image/src/main/java/tools/descartes/teastore/image/cache/entry/ICachable.java
10,services/tools.descartes.teastore.image/src/test/java/tools/descartes/teastore/image/cache/entry/AbstractEntryWrapper.java
10,services/tools.descartes.teastore.image/src/test/java/tools/descartes/teastore/image/cache/TestLeastRecentlyUsed.java
10,services/tools.descartes.teastore.image/src/test/java/tools/descartes/teastore/image/cache/TestLeastFrequentlyUsed.java
10,services/tools.descartes.teastore.image/src/main/java/tools/descartes/teastore/image/cache/AbstractCache.java
10,services/tools.descartes.teastore.image/src/main/java/tools/descartes/teastore/image/cache/entry/AbstractEntry.java
10,services/tools.descartes.teastore.image/src/test/java/tools/descartes/teastore/image/cache/entry/TestTimedEntry.java
10,services/tools.descartes.teastore.image/src/test/java/tools/descartes/teastore/image/TestImageProvider.java
10,services/tools.descartes.teastore.image/src/main/java/tools/descartes/teastore/image/setup/CachingRule.java
10,services/tools.descartes.teastore.webui/src/main/java/tools/descartes/teastore/webui/servlet/CartActionServlet.java
10,services/tools.descartes.teastore.webui/src/main/java/tools/descartes/teastore/webui/startup/WebuiStartup.java
10,services/tools.descartes.teastore.webui/src/main/java/tools/descartes/teastore/webui/servlet/ProductServlet.java
10,services/tools.descartes.teastore.image/src/main/java/tools/descartes/teastore/image/setup/CreatorRunner.java
10,services/tools.descartes.teastore.image/src/main/java/tools/descartes/teastore/image/cache/LastInFirstOut.java
10,services/tools.descartes.teastore.image/src/main/java/tools/descartes/teastore/image/setup/StorageMode.java
10,services/tools.descartes.teastore.image/src/test/java/tools/descartes/teastore/image/cache/TestAbstractCache.java
10,services/tools.descartes.teastore.image/src/main/java/tools/descartes/teastore/image/storage/IDataStorage.java
10,services/tools.descartes.teastore.image/src/test/java/tools/descartes/teastore/image/cache/DummyEntry.java
10,services/tools.descartes.teastore.image/src/main/java/tools/descartes/teastore/image/cache/FirstInFirstOut.java
10,services/tools.descartes.teastore.webui/src/main/java/tools/descartes/teastore/webui/servlet/DataBaseActionServlet.java
10,services/tools.descartes.teastore.image/src/main/java/tools/descartes/teastore/image/ImageDBKey.java
10,services/tools.descartes.teastore.image/src/test/java/tools/descartes/teastore/image/cache/TestLastInFirstOut.java
10,services/tools.descartes.teastore.image/src/main/java/tools/descartes/teastore/image/rest/ImageProviderEndpoint.java
10,services/tools.descartes.teastore.image/src/main/java/tools/descartes/teastore/image/setup/ImageCreator.java
10,services/tools.descartes.teastore.image/src/main/java/tools/descartes/teastore/image/storage/rules/StoreAll.java
10,services/tools.descartes.teastore.image/src/test/java/tools/descartes/teastore/image/TestImageScaler.java
10,services/tools.descartes.teastore.image/src/test/java/tools/descartes/teastore/image/storage/rules/TestStoreLargeImages.java
10,services/tools.descartes.teastore.webui/src/main/java/tools/descartes/teastore/webui/servlet/LoginServlet.java
10,services/tools.descartes.teastore.webui/src/main/java/tools/descartes/teastore/webui/servlet/AbstractUIServlet.java
10,services/tools.descartes.teastore.webui/src/main/java/tools/descartes/teastore/webui/servlet/DataBaseServlet.java
10,services/tools.descartes.teastore.webui/src/main/java/tools/descartes/teastore/webui/servlet/OrderServlet.java
10,services/tools.descartes.teastore.webui/src/main/java/tools/descartes/teastore/webui/rest/ReadyRest.java
11,services/tools.descartes.teastore.image/src/test/java/tools/descartes/teastore/image/cache/entry/TestSimpleEntry.java
11,services/tools.descartes.teastore.image/src/test/java/tools/descartes/teastore/image/cache/AbstractCacheTestInit.java
11,services/tools.descartes.teastore.image/src/test/java/tools/descartes/teastore/image/cache/DummyData.java
11,services/tools.descartes.teastore.image/src/test/java/tools/descartes/teastore/image/cache/rules/TestCacheAll.java
11,services/tools.descartes.teastore.image/src/test/java/tools/descartes/teastore/image/cache/AbstractCacheWrapper.java
11,services/tools.descartes.teastore.image/src/test/java/tools/descartes/teastore/image/cache/TestRandomReplacement.java
11,services/tools.descartes.teastore.image/src/test/java/tools/descartes/teastore/image/cache/entry/TestTimedEntry.java
11,services/tools.descartes.teastore.image/src/test/java/tools/descartes/teastore/image/cache/TestLeastFrequentlyUsed.java
11,services/tools.descartes.teastore.image/src/test/java/tools/descartes/teastore/image/cache/DummyEntry.java
11,services/tools.descartes.teastore.image/src/main/java/tools/descartes/teastore/image/cache/LeastRecentlyUsed.java
11,services/tools.descartes.teastore.image/src/main/java/tools/descartes/teastore/image/cache/entry/ICachable.java
11,services/tools.descartes.teastore.image/src/main/java/tools/descartes/teastore/image/ImageProvider.java
11,services/tools.descartes.teastore.image/src/test/java/tools/descartes/teastore/image/storage/rules/TestStoreLargeImages.java
11,services/tools.descartes.teastore.image/src/test/java/tools/descartes/teastore/image/cache/entry/AbstractEntryWrapper.java
11,services/tools.descartes.teastore.image/src/main/java/tools/descartes/teastore/image/setup/ImageIDFactory.java
11,services/tools.descartes.teastore.image/src/main/java/tools/descartes/teastore/image/storage/rules/StoreAll.java
11,services/tools.descartes.teastore.image/src/main/java/tools/descartes/teastore/image/setup/StorageRule.java
11,services/tools.descartes.teastore.image/src/test/java/tools/descartes/teastore/image/storage/rules/TestStoreAll.java
11,services/tools.descartes.teastore.image/src/test/java/tools/descartes/teastore/image/storage/TestDriveStorage.java
11,services/tools.descartes.teastore.image/src/main/java/tools/descartes/teastore/image/ImageDBKey.java
11,services/tools.descartes.teastore.image/src/main/java/tools/descartes/teastore/image/setup/CreatorRunner.java
11,services/tools.descartes.teastore.image/src/main/java/tools/descartes/teastore/image/cache/FirstInFirstOut.java
11,services/tools.descartes.teastore.image/src/main/java/tools/descartes/teastore/image/storage/NoStorage.java
11,services/tools.descartes.teastore.image/src/main/java/tools/descartes/teastore/image/cache/entry/SimpleEntry.java
11,services/tools.descartes.teastore.image/src/test/java/tools/descartes/teastore/image/cache/entry/TestAbstractEntry.java
11,services/tools.descartes.teastore.image/src/main/java/tools/descartes/teastore/image/setup/ImageCreator.java
11,services/tools.descartes.teastore.image/src/main/java/tools/descartes/teastore/image/cache/entry/CountedEntry.java
11,services/tools.descartes.teastore.image/src/test/java/tools/descartes/teastore/image/cache/TestMostRecentlyUsed.java
11,services/tools.descartes.teastore.image/src/test/java/tools/descartes/teastore/image/TestImageProvider.java
11,services/tools.descartes.teastore.image/src/main/java/tools/descartes/teastore/image/setup/CachingRule.java
11,services/tools.descartes.teastore.image/src/test/java/tools/descartes/teastore/image/cache/TestFirstInFirstOut.java
11,services/tools.descartes.teastore.image/src/main/java/tools/descartes/teastore/image/cache/rules/CacheAll.java
11,services/tools.descartes.teastore.image/src/main/java/tools/descartes/teastore/image/setup/CreatorFactory.java
11,services/tools.descartes.teastore.image/src/main/java/tools/descartes/teastore/image/setup/SetupController.java
11,services/tools.descartes.teastore.image/src/test/java/tools/descartes/teastore/image/TestImageDB.java
11,services/tools.descartes.teastore.image/src/test/java/tools/descartes/teastore/image/storage/TestNoStorage.java
11,services/tools.descartes.teastore.image/src/test/java/tools/descartes/teastore/image/TestImageDBKey.java
11,services/tools.descartes.teastore.image/src/main/java/tools/descartes/teastore/image/cache/AbstractCache.java
11,services/tools.descartes.teastore.image/src/main/java/tools/descartes/teastore/image/ImageScaler.java
11,services/tools.descartes.teastore.image/src/main/java/tools/descartes/teastore/image/StoreImage.java
11,services/tools.descartes.teastore.image/src/main/java/tools/descartes/teastore/image/cache/LeastFrequentlyUsed.java
11,services/tools.descartes.teastore.image/src/main/java/tools/descartes/teastore/image/rest/ImageProviderEndpoint.java
11,services/tools.descartes.teastore.image/src/main/java/tools/descartes/teastore/image/cache/entry/TimedEntry.java
11,services/tools.descartes.teastore.image/src/main/java/tools/descartes/teastore/image/setup/ImageProviderStartup.java
11,services/tools.descartes.teastore.image/src/main/java/tools/descartes/teastore/image/cache/RandomReplacement.java
11,services/tools.descartes.teastore.image/src/main/java/tools/descartes/teastore/image/storage/DriveStorage.java
11,services/tools.descartes.teastore.image/src/test/java/tools/descartes/teastore/image/TestImageScaler.java
11,services/tools.descartes.teastore.image/src/main/java/tools/descartes/teastore/image/cache/LastInFirstOut.java
11,services/tools.descartes.teastore.image/src/main/java/tools/descartes/teastore/image/cache/AbstractQueueCache.java
11,services/tools.descartes.teastore.image/src/test/java/tools/descartes/teastore/image/cache/TestLastInFirstOut.java
11,services/tools.descartes.teastore.image/src/main/java/tools/descartes/teastore/image/storage/IDataStorage.java
11,services/tools.descartes.teastore.image/src/test/java/tools/descartes/teastore/image/cache/TestLeastRecentlyUsed.java
11,services/tools.descartes.teastore.image/src/main/java/tools/descartes/teastore/image/cache/entry/AbstractEntry.java
11,services/tools.descartes.teastore.image/src/main/java/tools/descartes/teastore/image/cache/IDataCache.java
11,services/tools.descartes.teastore.image/src/test/java/tools/descartes/teastore/image/cache/entry/TestCountedEntry.java
11,services/tools.descartes.teastore.image/src/main/java/tools/descartes/teastore/image/setup/StorageMode.java
11,services/tools.descartes.teastore.image/src/main/java/tools/descartes/teastore/image/ImageDB.java
11,services/tools.descartes.teastore.image/src/main/java/tools/descartes/teastore/image/cache/AbstractTreeCache.java
11,services/tools.descartes.teastore.image/src/main/java/tools/descartes/teastore/image/cache/MostRecentlyUsed.java
11,services/tools.descartes.teastore.image/src/main/java/tools/descartes/teastore/image/storage/rules/StoreLargeImages.java
11,services/tools.descartes.teastore.image/src/test/java/tools/descartes/teastore/image/TestStoreImage.java
11,services/tools.descartes.teastore.image/src/main/java/tools/descartes/teastore/image/setup/CachingMode.java
11,services/tools.descartes.teastore.image/src/main/java/tools/descartes/teastore/image/cache/entry/ICacheEntry.java
11,services/tools.descartes.teastore.image/src/test/java/tools/descartes/teastore/image/cache/TestAbstractCache.java
12,services/tools.descartes.teastore.image/src/test/java/tools/descartes/teastore/image/TestStoreImage.java
12,services/tools.descartes.teastore.image/src/test/java/tools/descartes/teastore/image/cache/entry/AbstractEntryWrapper.java
12,services/tools.descartes.teastore.image/src/main/java/tools/descartes/teastore/image/cache/FirstInFirstOut.java
12,services/tools.descartes.teastore.image/src/main/java/tools/descartes/teastore/image/cache/entry/ICacheEntry.java
12,services/tools.descartes.teastore.image/src/main/java/tools/descartes/teastore/image/setup/StorageMode.java
12,services/tools.descartes.teastore.image/src/test/java/tools/descartes/teastore/image/cache/TestMostRecentlyUsed.java
12,services/tools.descartes.teastore.image/src/main/java/tools/descartes/teastore/image/setup/CreatorRunner.java
12,services/tools.descartes.teastore.image/src/test/java/tools/descartes/teastore/image/storage/rules/TestStoreAll.java
12,services/tools.descartes.teastore.image/src/main/java/tools/descartes/teastore/image/setup/SetupController.java
12,services/tools.descartes.teastore.image/src/test/java/tools/descartes/teastore/image/cache/entry/TestSimpleEntry.java
12,services/tools.descartes.teastore.image/src/test/java/tools/descartes/teastore/image/cache/AbstractCacheTestInit.java
12,services/tools.descartes.teastore.image/src/test/java/tools/descartes/teastore/image/cache/DummyEntry.java
12,services/tools.descartes.teastore.image/src/test/java/tools/descartes/teastore/image/cache/TestAbstractCache.java
12,services/tools.descartes.teastore.image/src/test/java/tools/descartes/teastore/image/cache/rules/TestCacheAll.java
12,services/tools.descartes.teastore.image/src/main/java/tools/descartes/teastore/image/rest/ImageProviderEndpoint.java
12,services/tools.descartes.teastore.image/src/main/java/tools/descartes/teastore/image/cache/IDataCache.java
12,services/tools.descartes.teastore.image/src/test/java/tools/descartes/teastore/image/cache/entry/TestTimedEntry.java
12,services/tools.descartes.teastore.image/src/main/java/tools/descartes/teastore/image/cache/entry/TimedEntry.java
12,services/tools.descartes.teastore.image/src/test/java/tools/descartes/teastore/image/storage/TestDriveStorage.java
12,services/tools.descartes.teastore.image/src/test/java/tools/descartes/teastore/image/cache/entry/TestCountedEntry.java
12,services/tools.descartes.teastore.image/src/main/java/tools/descartes/teastore/image/storage/NoStorage.java
12,services/tools.descartes.teastore.image/src/test/java/tools/descartes/teastore/image/TestImageProvider.java
12,services/tools.descartes.teastore.image/src/main/java/tools/descartes/teastore/image/setup/ImageIDFactory.java
12,services/tools.descartes.teastore.image/src/test/java/tools/descartes/teastore/image/cache/entry/TestAbstractEntry.java
12,services/tools.descartes.teastore.image/src/main/java/tools/descartes/teastore/image/setup/ImageProviderStartup.java
12,services/tools.descartes.teastore.image/src/main/java/tools/descartes/teastore/image/setup/CachingRule.java
12,services/tools.descartes.teastore.image/src/main/java/tools/descartes/teastore/image/ImageDBKey.java
12,services/tools.descartes.teastore.image/src/main/java/tools/descartes/teastore/image/cache/entry/AbstractEntry.java
12,services/tools.descartes.teastore.image/src/main/java/tools/descartes/teastore/image/storage/rules/StoreLargeImages.java
12,services/tools.descartes.teastore.image/src/test/java/tools/descartes/teastore/image/storage/TestNoStorage.java
12,services/tools.descartes.teastore.image/src/main/java/tools/descartes/teastore/image/setup/StorageRule.java
12,services/tools.descartes.teastore.image/src/test/java/tools/descartes/teastore/image/storage/rules/TestStoreLargeImages.java
12,services/tools.descartes.teastore.image/src/main/java/tools/descartes/teastore/image/cache/rules/CacheAll.java
12,services/tools.descartes.teastore.image/src/main/java/tools/descartes/teastore/image/cache/MostRecentlyUsed.java
12,services/tools.descartes.teastore.image/src/test/java/tools/descartes/teastore/image/TestImageScaler.java
12,services/tools.descartes.teastore.image/src/main/java/tools/descartes/teastore/image/cache/entry/CountedEntry.java
12,services/tools.descartes.teastore.image/src/test/java/tools/descartes/teastore/image/cache/TestLastInFirstOut.java
12,services/tools.descartes.teastore.image/src/main/java/tools/descartes/teastore/image/setup/CreatorFactory.java
12,services/tools.descartes.teastore.image/src/test/java/tools/descartes/teastore/image/TestImageDB.java
12,services/tools.descartes.teastore.image/src/main/java/tools/descartes/teastore/image/cache/LeastFrequentlyUsed.java
12,services/tools.descartes.teastore.image/src/main/java/tools/descartes/teastore/image/cache/AbstractQueueCache.java
12,services/tools.descartes.teastore.image/src/main/java/tools/descartes/teastore/image/ImageDB.java
12,services/tools.descartes.teastore.image/src/test/java/tools/descartes/teastore/image/cache/TestLeastFrequentlyUsed.java
12,services/tools.descartes.teastore.image/src/test/java/tools/descartes/teastore/image/cache/AbstractCacheWrapper.java
12,services/tools.descartes.teastore.image/src/test/java/tools/descartes/teastore/image/TestImageDBKey.java
12,services/tools.descartes.teastore.image/src/main/java/tools/descartes/teastore/image/storage/DriveStorage.java
12,services/tools.descartes.teastore.image/src/main/java/tools/descartes/teastore/image/cache/entry/SimpleEntry.java
12,services/tools.descartes.teastore.image/src/main/java/tools/descartes/teastore/image/cache/LastInFirstOut.java
12,services/tools.descartes.teastore.image/src/test/java/tools/descartes/teastore/image/cache/DummyData.java
12,services/tools.descartes.teastore.image/src/main/java/tools/descartes/teastore/image/cache/AbstractCache.java
12,services/tools.descartes.teastore.image/src/test/java/tools/descartes/teastore/image/cache/TestRandomReplacement.java
12,services/tools.descartes.teastore.image/src/test/java/tools/descartes/teastore/image/cache/TestLeastRecentlyUsed.java
12,services/tools.descartes.teastore.image/src/main/java/tools/descartes/teastore/image/cache/entry/ICachable.java
12,services/tools.descartes.teastore.image/src/main/java/tools/descartes/teastore/image/storage/rules/StoreAll.java
12,services/tools.descartes.teastore.image/src/main/java/tools/descartes/teastore/image/setup/CachingMode.java
12,services/tools.descartes.teastore.image/src/main/java/tools/descartes/teastore/image/ImageProvider.java
12,services/tools.descartes.teastore.image/src/main/java/tools/descartes/teastore/image/cache/AbstractTreeCache.java
12,services/tools.descartes.teastore.image/src/main/java/tools/descartes/teastore/image/cache/RandomReplacement.java
12,services/tools.descartes.teastore.image/src/main/java/tools/descartes/teastore/image/setup/ImageCreator.java
12,services/tools.descartes.teastore.image/src/main/java/tools/descartes/teastore/image/StoreImage.java
12,services/tools.descartes.teastore.image/src/main/java/tools/descartes/teastore/image/ImageScaler.java
12,services/tools.descartes.teastore.image/src/main/java/tools/descartes/teastore/image/storage/IDataStorage.java
12,services/tools.descartes.teastore.image/src/test/java/tools/descartes/teastore/image/cache/TestFirstInFirstOut.java
12,services/tools.descartes.teastore.image/src/main/java/tools/descartes/teastore/image/cache/LeastRecentlyUsed.java
18,services/tools.descartes.teastore.auth/src/main/java/tools/descartes/teastore/auth/security/ConstantKeyProvider.java
18,services/tools.descartes.teastore.auth/src/main/java/tools/descartes/teastore/auth/security/ShaSecurityProvider.java
18,services/tools.descartes.teastore.auth/src/main/java/tools/descartes/teastore/auth/security/BCryptProvider.java
18,services/tools.descartes.teastore.auth/src/test/java/tools/descartes/teastore/auth/security/ConstantKeyProviderTest.java
18,services/tools.descartes.teastore.auth/src/main/java/tools/descartes/teastore/auth/security/RandomSessionIdGenerator.java
18,services/tools.descartes.teastore.auth/src/test/java/tools/descartes/teastore/auth/security/ShaSecurityProviderTest.java
18,services/tools.descartes.teastore.auth/src/main/java/tools/descartes/teastore/auth/security/IKeyProvider.java
18,services/tools.descartes.teastore.auth/src/main/java/tools/descartes/teastore/auth/security/ISessionIdGenerator.java
18,services/tools.descartes.teastore.auth/src/main/java/tools/descartes/teastore/auth/rest/AuthUserActionsRest.java
18,services/tools.descartes.teastore.auth/src/main/java/tools/descartes/teastore/auth/rest/ReadyRest.java
18,services/tools.descartes.teastore.auth/src/main/java/tools/descartes/teastore/auth/startup/AuthStartup.java
18,services/tools.descartes.teastore.auth/src/main/java/tools/descartes/teastore/auth/security/ISecurityProvider.java
18,services/tools.descartes.teastore.auth/src/main/java/tools/descartes/teastore/auth/rest/AuthCartRest.java
22,services/tools.descartes.teastore.persistence/src/main/java/tools/descartes/teastore/persistence/daemons/InitialDataGenerationDaemon.java
22,services/tools.descartes.teastore.persistence/src/main/java/tools/descartes/teastore/persistence/domain/OrderItemRepository.java
22,services/tools.descartes.teastore.persistence/src/main/java/tools/descartes/teastore/persistence/rest/OrderEndpoint.java
22,services/tools.descartes.teastore.persistence/src/main/java/tools/descartes/teastore/persistence/rest/CacheManagerEndpoint.java
22,services/tools.descartes.teastore.persistence/src/main/java/tools/descartes/teastore/persistence/repository/DatabaseManagementEntity.java
22,services/tools.descartes.teastore.persistence/src/main/java/tools/descartes/teastore/persistence/rest/UserEndpoint.java
22,services/tools.descartes.teastore.persistence/src/main/java/tools/descartes/teastore/persistence/domain/converters/LocalDateTimeAttributeConverter.java
22,services/tools.descartes.teastore.persistence/src/main/java/tools/descartes/teastore/persistence/domain/PersistenceOrderItem.java
22,services/tools.descartes.teastore.persistence/src/main/java/tools/descartes/teastore/persistence/domain/PersistenceCategory.java
22,services/tools.descartes.teastore.persistence/src/main/java/tools/descartes/teastore/persistence/domain/ProductRepository.java
22,services/tools.descartes.teastore.persistence/src/main/java/tools/descartes/teastore/persistence/domain/PersistenceProduct.java
22,services/tools.descartes.teastore.persistence/src/main/java/tools/descartes/teastore/persistence/repository/DataGenerator.java
22,services/tools.descartes.teastore.persistence/src/main/java/tools/descartes/teastore/persistence/repository/AbstractPersistenceRepository.java
22,services/tools.descartes.teastore.persistence/src/test/java/tools/descartes/teastore/persistence/repository/EMFManagerInitializer.java
22,services/tools.descartes.teastore.persistence/src/main/java/tools/descartes/teastore/persistence/domain/UserRepository.java
22,services/tools.descartes.teastore.persistence/src/main/java/tools/descartes/teastore/persistence/rest/DatabaseGenerationEndpoint.java
22,services/tools.descartes.teastore.persistence/src/main/java/tools/descartes/teastore/persistence/rest/ProductEndpoint.java
22,services/tools.descartes.teastore.persistence/src/main/java/tools/descartes/teastore/persistence/repository/CacheManager.java
22,services/tools.descartes.teastore.persistence/src/main/java/tools/descartes/teastore/persistence/rest/CategoryEndpoint.java
22,services/tools.descartes.teastore.persistence/src/test/java/tools/descartes/teastore/persistence/DataGeneratorTest.java
22,services/tools.descartes.teastore.persistence/src/main/java/tools/descartes/teastore/persistence/domain/PersistenceOrder.java
22,services/tools.descartes.teastore.persistence/src/main/java/tools/descartes/teastore/persistence/domain/converters/LocalDateAttributeConverter.java
22,services/tools.descartes.teastore.persistence/src/test/java/tools/descartes/teastore/persistence/RepositoryTest.java
22,services/tools.descartes.teastore.persistence/src/main/java/tools/descartes/teastore/persistence/domain/CategoryRepository.java
22,services/tools.descartes.teastore.persistence/src/test/java/tools/descartes/teastore/persistence/RegistrationDaemon.java
22,services/tools.descartes.teastore.persistence/src/main/java/tools/descartes/teastore/persistence/repository/EMFManager.java
22,services/tools.descartes.teastore.persistence/src/main/java/tools/descartes/teastore/persistence/rest/OrderItemEndpoint.java
22,services/tools.descartes.teastore.persistence/src/main/java/tools/descartes/teastore/persistence/domain/OrderRepository.java
22,services/tools.descartes.teastore.persistence/src/main/java/tools/descartes/teastore/persistence/servlet/IndexServlet.java
22,services/tools.descartes.teastore.persistence/src/main/java/tools/descartes/teastore/persistence/domain/PersistenceUser.java
23,services/tools.descartes.teastore.persistence/src/main/java/tools/descartes/teastore/persistence/rest/OrderEndpoint.java
23,services/tools.descartes.teastore.persistence/src/main/java/tools/descartes/teastore/persistence/rest/CacheManagerEndpoint.java
23,services/tools.descartes.teastore.persistence/src/main/java/tools/descartes/teastore/persistence/domain/PersistenceProduct.java
23,services/tools.descartes.teastore.persistence/src/main/java/tools/descartes/teastore/persistence/daemons/InitialDataGenerationDaemon.java
23,services/tools.descartes.teastore.persistence/src/main/java/tools/descartes/teastore/persistence/domain/PersistenceOrderItem.java
23,services/tools.descartes.teastore.persistence/src/main/java/tools/descartes/teastore/persistence/domain/ProductRepository.java
23,services/tools.descartes.teastore.persistence/src/main/java/tools/descartes/teastore/persistence/rest/DatabaseGenerationEndpoint.java
23,services/tools.descartes.teastore.persistence/src/test/java/tools/descartes/teastore/persistence/DataGeneratorTest.java
23,services/tools.descartes.teastore.persistence/src/main/java/tools/descartes/teastore/persistence/domain/PersistenceOrder.java
23,services/tools.descartes.teastore.persistence/src/main/java/tools/descartes/teastore/persistence/repository/DatabaseManagementEntity.java
23,services/tools.descartes.teastore.persistence/src/main/java/tools/descartes/teastore/persistence/domain/OrderRepository.java
23,services/tools.descartes.teastore.persistence/src/main/java/tools/descartes/teastore/persistence/domain/PersistenceCategory.java
23,services/tools.descartes.teastore.persistence/src/test/java/tools/descartes/teastore/persistence/RepositoryTest.java
23,services/tools.descartes.teastore.persistence/src/test/java/tools/descartes/teastore/persistence/RegistrationDaemon.java
23,services/tools.descartes.teastore.persistence/src/main/java/tools/descartes/teastore/persistence/domain/converters/LocalDateAttributeConverter.java
23,services/tools.descartes.teastore.persistence/src/main/java/tools/descartes/teastore/persistence/repository/AbstractPersistenceRepository.java
23,services/tools.descartes.teastore.persistence/src/main/java/tools/descartes/teastore/persistence/domain/UserRepository.java
23,services/tools.descartes.teastore.persistence/src/main/java/tools/descartes/teastore/persistence/rest/UserEndpoint.java
23,services/tools.descartes.teastore.persistence/src/main/java/tools/descartes/teastore/persistence/rest/OrderItemEndpoint.java
23,services/tools.descartes.teastore.persistence/src/main/java/tools/descartes/teastore/persistence/repository/DataGenerator.java
23,services/tools.descartes.teastore.persistence/src/main/java/tools/descartes/teastore/persistence/repository/CacheManager.java
23,services/tools.descartes.teastore.persistence/src/main/java/tools/descartes/teastore/persistence/rest/ProductEndpoint.java
23,services/tools.descartes.teastore.persistence/src/main/java/tools/descartes/teastore/persistence/servlet/IndexServlet.java
23,services/tools.descartes.teastore.persistence/src/main/java/tools/descartes/teastore/persistence/domain/PersistenceUser.java
23,services/tools.descartes.teastore.persistence/src/test/java/tools/descartes/teastore/persistence/repository/EMFManagerInitializer.java
23,services/tools.descartes.teastore.persistence/src/main/java/tools/descartes/teastore/persistence/domain/converters/LocalDateTimeAttributeConverter.java
23,services/tools.descartes.teastore.persistence/src/main/java/tools/descartes/teastore/persistence/domain/CategoryRepository.java
23,services/tools.descartes.teastore.persistence/src/main/java/tools/descartes/teastore/persistence/repository/EMFManager.java
23,services/tools.descartes.teastore.persistence/src/main/java/tools/descartes/teastore/persistence/rest/CategoryEndpoint.java
23,services/tools.descartes.teastore.persistence/src/main/java/tools/descartes/teastore/persistence/domain/OrderItemRepository.java
24,services/tools.descartes.teastore.persistence/src/main/java/tools/descartes/teastore/persistence/daemons/InitialDataGenerationDaemon.java
24,services/tools.descartes.teastore.persistence/src/main/java/tools/descartes/teastore/persistence/domain/OrderItemRepository.java
24,services/tools.descartes.teastore.persistence/src/main/java/tools/descartes/teastore/persistence/domain/UserRepository.java
24,services/tools.descartes.teastore.persistence/src/test/java/tools/descartes/teastore/persistence/RepositoryTest.java
24,services/tools.descartes.teastore.persistence/src/main/java/tools/descartes/teastore/persistence/repository/DatabaseManagementEntity.java
24,services/tools.descartes.teastore.persistence/src/main/java/tools/descartes/teastore/persistence/domain/PersistenceProduct.java
24,services/tools.descartes.teastore.persistence/src/main/java/tools/descartes/teastore/persistence/repository/DataGenerator.java
24,services/tools.descartes.teastore.persistence/src/main/java/tools/descartes/teastore/persistence/domain/OrderRepository.java
24,services/tools.descartes.teastore.persistence/src/test/java/tools/descartes/teastore/persistence/DataGeneratorTest.java
24,services/tools.descartes.teastore.persistence/src/main/java/tools/descartes/teastore/persistence/domain/PersistenceCategory.java
24,services/tools.descartes.teastore.persistence/src/main/java/tools/descartes/teastore/persistence/repository/AbstractPersistenceRepository.java
24,services/tools.descartes.teastore.persistence/src/main/java/tools/descartes/teastore/persistence/domain/PersistenceUser.java
24,services/tools.descartes.teastore.persistence/src/main/java/tools/descartes/teastore/persistence/rest/UserEndpoint.java
24,services/tools.descartes.teastore.persistence/src/main/java/tools/descartes/teastore/persistence/rest/OrderEndpoint.java
24,services/tools.descartes.teastore.persistence/src/main/java/tools/descartes/teastore/persistence/rest/OrderItemEndpoint.java
24,services/tools.descartes.teastore.persistence/src/main/java/tools/descartes/teastore/persistence/repository/EMFManager.java
24,services/tools.descartes.teastore.persistence/src/main/java/tools/descartes/teastore/persistence/domain/converters/LocalDateTimeAttributeConverter.java
24,services/tools.descartes.teastore.persistence/src/main/java/tools/descartes/teastore/persistence/rest/DatabaseGenerationEndpoint.java
24,services/tools.descartes.teastore.persistence/src/test/java/tools/descartes/teastore/persistence/repository/EMFManagerInitializer.java
24,services/tools.descartes.teastore.persistence/src/main/java/tools/descartes/teastore/persistence/domain/converters/LocalDateAttributeConverter.java
24,services/tools.descartes.teastore.persistence/src/main/java/tools/descartes/teastore/persistence/servlet/IndexServlet.java
24,services/tools.descartes.teastore.persistence/src/main/java/tools/descartes/teastore/persistence/rest/ProductEndpoint.java
24,services/tools.descartes.teastore.persistence/src/main/java/tools/descartes/teastore/persistence/repository/CacheManager.java
24,services/tools.descartes.teastore.persistence/src/main/java/tools/descartes/teastore/persistence/rest/CategoryEndpoint.java
24,services/tools.descartes.teastore.persistence/src/test/java/tools/descartes/teastore/persistence/RegistrationDaemon.java
24,services/tools.descartes.teastore.persistence/src/main/java/tools/descartes/teastore/persistence/domain/ProductRepository.java
24,services/tools.descartes.teastore.persistence/src/main/java/tools/descartes/teastore/persistence/domain/CategoryRepository.java
24,services/tools.descartes.teastore.persistence/src/main/java/tools/descartes/teastore/persistence/domain/PersistenceOrderItem.java
24,services/tools.descartes.teastore.persistence/src/main/java/tools/descartes/teastore/persistence/rest/CacheManagerEndpoint.java
24,services/tools.descartes.teastore.persistence/src/main/java/tools/descartes/teastore/persistence/domain/PersistenceOrder.java
25,services/tools.descartes.teastore.persistence/src/main/java/tools/descartes/teastore/persistence/daemons/InitialDataGenerationDaemon.java
25,services/tools.descartes.teastore.persistence/src/main/java/tools/descartes/teastore/persistence/domain/PersistenceOrderItem.java
25,services/tools.descartes.teastore.persistence/src/test/java/tools/descartes/teastore/persistence/RegistrationDaemon.java
25,services/tools.descartes.teastore.persistence/src/main/java/tools/descartes/teastore/persistence/domain/OrderItemRepository.java
25,services/tools.descartes.teastore.persistence/src/main/java/tools/descartes/teastore/persistence/repository/EMFManager.java
25,services/tools.descartes.teastore.persistence/src/main/java/tools/descartes/teastore/persistence/servlet/IndexServlet.java
25,services/tools.descartes.teastore.persistence/src/main/java/tools/descartes/teastore/persistence/domain/converters/LocalDateTimeAttributeConverter.java
25,services/tools.descartes.teastore.persistence/src/main/java/tools/descartes/teastore/persistence/repository/DataGenerator.java
25,services/tools.descartes.teastore.persistence/src/main/java/tools/descartes/teastore/persistence/domain/PersistenceCategory.java
25,services/tools.descartes.teastore.persistence/src/main/java/tools/descartes/teastore/persistence/rest/UserEndpoint.java
25,services/tools.descartes.teastore.persistence/src/main/java/tools/descartes/teastore/persistence/domain/ProductRepository.java
25,services/tools.descartes.teastore.persistence/src/main/java/tools/descartes/teastore/persistence/rest/DatabaseGenerationEndpoint.java
25,services/tools.descartes.teastore.persistence/src/main/java/tools/descartes/teastore/persistence/domain/PersistenceProduct.java
25,services/tools.descartes.teastore.persistence/src/test/java/tools/descartes/teastore/persistence/repository/EMFManagerInitializer.java
25,services/tools.descartes.teastore.persistence/src/main/java/tools/descartes/teastore/persistence/domain/PersistenceUser.java
25,services/tools.descartes.teastore.persistence/src/main/java/tools/descartes/teastore/persistence/domain/PersistenceOrder.java
25,services/tools.descartes.teastore.persistence/src/test/java/tools/descartes/teastore/persistence/RepositoryTest.java
25,services/tools.descartes.teastore.persistence/src/main/java/tools/descartes/teastore/persistence/repository/AbstractPersistenceRepository.java
25,services/tools.descartes.teastore.persistence/src/test/java/tools/descartes/teastore/persistence/DataGeneratorTest.java
25,services/tools.descartes.teastore.persistence/src/main/java/tools/descartes/teastore/persistence/rest/OrderItemEndpoint.java
25,services/tools.descartes.teastore.persistence/src/main/java/tools/descartes/teastore/persistence/rest/CategoryEndpoint.java
25,services/tools.descartes.teastore.persistence/src/main/java/tools/descartes/teastore/persistence/domain/UserRepository.java
25,services/tools.descartes.teastore.persistence/src/main/java/tools/descartes/teastore/persistence/rest/ProductEndpoint.java
25,services/tools.descartes.teastore.persistence/src/main/java/tools/descartes/teastore/persistence/rest/CacheManagerEndpoint.java
25,services/tools.descartes.teastore.persistence/src/main/java/tools/descartes/teastore/persistence/rest/OrderEndpoint.java
25,services/tools.descartes.teastore.persistence/src/main/java/tools/descartes/teastore/persistence/domain/converters/LocalDateAttributeConverter.java
25,services/tools.descartes.teastore.persistence/src/main/java/tools/descartes/teastore/persistence/repository/DatabaseManagementEntity.java
25,services/tools.descartes.teastore.persistence/src/main/java/tools/descartes/teastore/persistence/domain/OrderRepository.java
25,services/tools.descartes.teastore.persistence/src/main/java/tools/descartes/teastore/persistence/repository/CacheManager.java
25,services/tools.descartes.teastore.persistence/src/main/java/tools/descartes/teastore/persistence/domain/CategoryRepository.java
26,services/tools.descartes.teastore.persistence/src/test/java/tools/descartes/teastore/persistence/DataGeneratorTest.java
26,services/tools.descartes.teastore.persistence/src/main/java/tools/descartes/teastore/persistence/daemons/InitialDataGenerationDaemon.java
26,services/tools.descartes.teastore.persistence/src/main/java/tools/descartes/teastore/persistence/rest/ProductEndpoint.java
26,services/tools.descartes.teastore.persistence/src/main/java/tools/descartes/teastore/persistence/domain/converters/LocalDateTimeAttributeConverter.java
26,services/tools.descartes.teastore.persistence/src/main/java/tools/descartes/teastore/persistence/domain/ProductRepository.java
26,services/tools.descartes.teastore.persistence/src/main/java/tools/descartes/teastore/persistence/domain/OrderItemRepository.java
26,services/tools.descartes.teastore.persistence/src/main/java/tools/descartes/teastore/persistence/rest/CategoryEndpoint.java
26,services/tools.descartes.teastore.persistence/src/main/java/tools/descartes/teastore/persistence/domain/OrderRepository.java
26,services/tools.descartes.teastore.persistence/src/main/java/tools/descartes/teastore/persistence/repository/DatabaseManagementEntity.java
26,services/tools.descartes.teastore.persistence/src/test/java/tools/descartes/teastore/persistence/RegistrationDaemon.java
26,services/tools.descartes.teastore.persistence/src/main/java/tools/descartes/teastore/persistence/domain/PersistenceOrderItem.java
26,services/tools.descartes.teastore.persistence/src/main/java/tools/descartes/teastore/persistence/rest/DatabaseGenerationEndpoint.java
26,services/tools.descartes.teastore.persistence/src/main/java/tools/descartes/teastore/persistence/repository/EMFManager.java
26,services/tools.descartes.teastore.persistence/src/main/java/tools/descartes/teastore/persistence/domain/PersistenceOrder.java
26,services/tools.descartes.teastore.persistence/src/test/java/tools/descartes/teastore/persistence/RepositoryTest.java
26,services/tools.descartes.teastore.persistence/src/main/java/tools/descartes/teastore/persistence/rest/OrderEndpoint.java
26,services/tools.descartes.teastore.persistence/src/main/java/tools/descartes/teastore/persistence/domain/PersistenceCategory.java
26,services/tools.descartes.teastore.persistence/src/main/java/tools/descartes/teastore/persistence/servlet/IndexServlet.java
26,services/tools.descartes.teastore.persistence/src/main/java/tools/descartes/teastore/persistence/domain/PersistenceProduct.java
26,services/tools.descartes.teastore.persistence/src/main/java/tools/descartes/teastore/persistence/repository/AbstractPersistenceRepository.java
26,services/tools.descartes.teastore.persistence/src/main/java/tools/descartes/teastore/persistence/domain/CategoryRepository.java
26,services/tools.descartes.teastore.persistence/src/main/java/tools/descartes/teastore/persistence/domain/converters/LocalDateAttributeConverter.java
26,services/tools.descartes.teastore.persistence/src/main/java/tools/descartes/teastore/persistence/domain/PersistenceUser.java
26,services/tools.descartes.teastore.persistence/src/main/java/tools/descartes/teastore/persistence/rest/UserEndpoint.java
26,services/tools.descartes.teastore.persistence/src/main/java/tools/descartes/teastore/persistence/repository/CacheManager.java
26,services/tools.descartes.teastore.persistence/src/main/java/tools/descartes/teastore/persistence/rest/CacheManagerEndpoint.java
26,services/tools.descartes.teastore.persistence/src/main/java/tools/descartes/teastore/persistence/domain/UserRepository.java
26,services/tools.descartes.teastore.persistence/src/test/java/tools/descartes/teastore/persistence/repository/EMFManagerInitializer.java
26,services/tools.descartes.teastore.persistence/src/main/java/tools/descartes/teastore/persistence/repository/DataGenerator.java
26,services/tools.descartes.teastore.persistence/src/main/java/tools/descartes/teastore/persistence/rest/OrderItemEndpoint.java
27,services/tools.descartes.teastore.recommender/src/test/java/tools/descartes/teastore/recommender/algorithm/AbstractRecommenderTest.java
27,services/tools.descartes.teastore.recommender/src/main/java/tools/descartes/teastore/recommender/servlet/RecommenderStartup.java
27,services/tools.descartes.teastore.recommender/src/main/java/tools/descartes/teastore/recommender/servlet/RetrainDaemon.java
27,services/tools.descartes.teastore.recommender/src/main/java/tools/descartes/teastore/recommender/rest/RecommendEndpoint.java
27,services/tools.descartes.teastore.recommender/src/main/java/tools/descartes/teastore/recommender/algorithm/OrderItemSet.java
27,services/tools.descartes.teastore.recommender/src/main/java/tools/descartes/teastore/recommender/algorithm/RecommenderSelector.java
27,services/tools.descartes.teastore.recommender/src/main/java/tools/descartes/teastore/recommender/servlet/IndexServlet.java
27,services/tools.descartes.teastore.recommender/src/test/java/tools/descartes/teastore/recommender/algorithm/AbstractRecommenderFunctionalityTest.java
27,services/tools.descartes.teastore.recommender/src/main/java/tools/descartes/teastore/recommender/algorithm/IRecommender.java
27,services/tools.descartes.teastore.recommender/src/main/java/tools/descartes/teastore/recommender/rest/TrainEndpoint.java
27,services/tools.descartes.teastore.recommender/src/main/java/tools/descartes/teastore/recommender/rest/RecommendSingleEndpoint.java
27,services/tools.descartes.teastore.recommender/src/main/java/tools/descartes/teastore/recommender/algorithm/AbstractRecommender.java
27,services/tools.descartes.teastore.recommender/src/main/java/tools/descartes/teastore/recommender/servlet/TrainingSynchronizer.java
27,services/tools.descartes.teastore.recommender/src/main/java/tools/descartes/teastore/recommender/algorithm/impl/UseFallBackException.java
28,services/tools.descartes.teastore.recommender/src/main/java/tools/descartes/teastore/recommender/servlet/RecommenderStartup.java
28,services/tools.descartes.teastore.recommender/src/main/java/tools/descartes/teastore/recommender/algorithm/impl/UseFallBackException.java
28,services/tools.descartes.teastore.recommender/src/main/java/tools/descartes/teastore/recommender/algorithm/IRecommender.java
28,services/tools.descartes.teastore.recommender/src/test/java/tools/descartes/teastore/recommender/algorithm/AbstractRecommenderFunctionalityTest.java
28,services/tools.descartes.teastore.recommender/src/test/java/tools/descartes/teastore/recommender/algorithm/AbstractRecommenderTest.java
28,services/tools.descartes.teastore.recommender/src/main/java/tools/descartes/teastore/recommender/algorithm/AbstractRecommender.java
28,services/tools.descartes.teastore.recommender/src/main/java/tools/descartes/teastore/recommender/rest/RecommendEndpoint.java
28,services/tools.descartes.teastore.recommender/src/main/java/tools/descartes/teastore/recommender/servlet/IndexServlet.java
28,services/tools.descartes.teastore.recommender/src/main/java/tools/descartes/teastore/recommender/servlet/TrainingSynchronizer.java
28,services/tools.descartes.teastore.recommender/src/main/java/tools/descartes/teastore/recommender/rest/RecommendSingleEndpoint.java
28,services/tools.descartes.teastore.recommender/src/main/java/tools/descartes/teastore/recommender/servlet/RetrainDaemon.java
28,services/tools.descartes.teastore.recommender/src/main/java/tools/descartes/teastore/recommender/algorithm/OrderItemSet.java
28,services/tools.descartes.teastore.recommender/src/main/java/tools/descartes/teastore/recommender/algorithm/RecommenderSelector.java
28,services/tools.descartes.teastore.recommender/src/main/java/tools/descartes/teastore/recommender/rest/TrainEndpoint.java
37,services/tools.descartes.teastore.registry/src/main/java/tools/descartes/teastore/registry/rest/RegistryREST.java
37,services/tools.descartes.teastore.registry/src/main/java/tools/descartes/teastore/registry/servlet/IndexServlet.java
37,services/tools.descartes.teastore.registry/src/main/java/tools/descartes/teastore/registry/rest/HeartbeatInfo.java
37,services/tools.descartes.teastore.registry/src/main/java/tools/descartes/teastore/registry/rest/Registry.java
37,services/tools.descartes.teastore.registry/src/main/java/tools/descartes/teastore/registry/rest/RegistryStartup.java
38,services/tools.descartes.teastore.registry/src/main/java/tools/descartes/teastore/registry/rest/RegistryREST.java
38,services/tools.descartes.teastore.registry/src/main/java/tools/descartes/teastore/registry/servlet/IndexServlet.java
38,services/tools.descartes.teastore.registry/src/main/java/tools/descartes/teastore/registry/rest/Registry.java
38,services/tools.descartes.teastore.registry/src/main/java/tools/descartes/teastore/registry/rest/HeartbeatInfo.java
38,services/tools.descartes.teastore.registry/src/main/java/tools/descartes/teastore/registry/rest/RegistryStartup.java
41,services/tools.descartes.teastore.registry/src/main/java/tools/descartes/teastore/registry/rest/Registry.java
41,services/tools.descartes.teastore.registry/src/main/java/tools/descartes/teastore/registry/rest/HeartbeatInfo.java
41,services/tools.descartes.teastore.registry/src/main/java/tools/descartes/teastore/registry/rest/RegistryStartup.java
41,services/tools.descartes.teastore.registry/src/main/java/tools/descartes/teastore/registry/servlet/IndexServlet.java
41,services/tools.descartes.teastore.registry/src/main/java/tools/descartes/teastore/registry/rest/RegistryREST.java
43,services/tools.descartes.teastore.registry/src/main/java/tools/descartes/teastore/registry/rest/RegistryStartup.java
43,services/tools.descartes.teastore.registry/src/main/java/tools/descartes/teastore/registry/rest/Registry.java
43,services/tools.descartes.teastore.registry/src/main/java/tools/descartes/teastore/registry/rest/RegistryREST.java
43,services/tools.descartes.teastore.registry/src/main/java/tools/descartes/teastore/registry/rest/HeartbeatInfo.java
43,services/tools.descartes.teastore.registry/src/main/java/tools/descartes/teastore/registry/servlet/IndexServlet.java
