ArchitectureElementId,CodeElementId
_0e5u8FkHEeyewPSmlgszyA,build/packages-template/bbb-html5/systemd_start.sh
_0e5u8FkHEeyewPSmlgszyA,build/packages-template/bbb-html5/opts-jammy.sh
_0e5u8FkHEeyewPSmlgszyA,build/packages-template/bbb-html5/mongod_start_pre.sh
_0e5u8FkHEeyewPSmlgszyA,build/packages-template/bbb-html5/after-install.sh
_0e5u8FkHEeyewPSmlgszyA,build/packages-template/bbb-html5/kill_mongo.sh
_0e5u8FkHEeyewPSmlgszyA,build/packages-template/bbb-html5/after-remove.sh
_0e5u8FkHEeyewPSmlgszyA,build/packages-template/bbb-html5/build.sh
_0e5u8FkHEeyewPSmlgszyA,build/packages-template/bbb-html5/before-install.sh
_0e5u8FkHEeyewPSmlgszyA,build/packages-template/bbb-html5/workers-start.sh
_0e5u8FkHEeyewPSmlgszyA,build/packages-template/bbb-html5/run_mongo.sh
_0e5u8FkHEeyewPSmlgszyA,build/packages-template/bbb-html5/systemd_start_frontend.sh
_0e5u8FkHEeyewPSmlgszyA,build/packages-template/bbb-html5/before-remove.sh
_0e5u8FkHEeyewPSmlgszyA,bigbluebutton-html5/transifex.sh
_0e5u8FkHEeyewPSmlgszyA,bigbluebutton-html5/test-html5.sh
_0e5u8FkHEeyewPSmlgszyA,bigbluebutton-html5/run-dev.sh
_0e5u8FkHEeyewPSmlgszyA,bigbluebutton-html5/deploy_to_usr_share.sh
_2BgxMFkHEeyewPSmlgszyA,bbb-common-web/src/main/java/org/bigbluebutton/presentation/messages/PresentationConvertMessage.java
_2BgxMFkHEeyewPSmlgszyA,bbb-common-web/src/main/java/org/bigbluebutton/presentation/DocumentConversionService.java
_2BgxMFkHEeyewPSmlgszyA,bbb-common-web/src/main/java/org/bigbluebutton/presentation/handlers/SvgConversionHandler.java
_2BgxMFkHEeyewPSmlgszyA,bbb-common-web/src/main/java/org/bigbluebutton/presentation/OfficeToPdfConversionSuccessFilter.java
_2BgxMFkHEeyewPSmlgszyA,bbb-common-web/src/main/java/org/bigbluebutton/presentation/imp/OfficeToPdfConversionService.java
_2BgxMFkHEeyewPSmlgszyA,bbb-common-web/src/main/java/org/bigbluebutton/presentation/PageAnalyser.java
_2BgxMFkHEeyewPSmlgszyA,bbb-common-web/src/main/java/org/bigbluebutton/presentation/messages/DocInvalidMimeType.java
_2BgxMFkHEeyewPSmlgszyA,bbb-common-web/src/main/java/org/bigbluebutton/presentation/ImageResizer.java
_2BgxMFkHEeyewPSmlgszyA,bbb-common-web/src/main/java/org/bigbluebutton/presentation/imp/PresentationToConvert.java
_2BgxMFkHEeyewPSmlgszyA,bbb-common-web/src/main/java/org/bigbluebutton/presentation/messages/DocPageCountFailed.java
_2BgxMFkHEeyewPSmlgszyA,bbb-common-web/src/main/java/org/bigbluebutton/presentation/imp/BigPdfException.java
_2BgxMFkHEeyewPSmlgszyA,bbb-common-web/src/main/java/org/bigbluebutton/presentation/messages/DocPageCompletedProgress.java
_2BgxMFkHEeyewPSmlgszyA,bbb-common-web/src/main/java/org/bigbluebutton/presentation/handlers/Office2PdfConverterHandler.java
_2BgxMFkHEeyewPSmlgszyA,bbb-common-web/src/main/java/org/bigbluebutton/presentation/PngCreator.java
_2BgxMFkHEeyewPSmlgszyA,bbb-common-web/src/main/java/org/bigbluebutton/presentation/FileTypeConstants.java
_2BgxMFkHEeyewPSmlgszyA,bbb-common-web/src/main/java/org/bigbluebutton/presentation/imp/PdfSlidesGenerationService.java
_2BgxMFkHEeyewPSmlgszyA,bbb-common-web/src/main/java/org/bigbluebutton/presentation/GeneratedSlidesInfoHelper.java
_2BgxMFkHEeyewPSmlgszyA,bbb-common-web/src/main/java/org/bigbluebutton/presentation/imp/ImageSlidesGenerationService.java
_2BgxMFkHEeyewPSmlgszyA,bbb-common-web/src/main/java/org/bigbluebutton/presentation/SupportedDocumentFilter.java
_2BgxMFkHEeyewPSmlgszyA,bbb-common-web/src/main/java/org/bigbluebutton/presentation/imp/SvgImageCreatorImp.java
_2BgxMFkHEeyewPSmlgszyA,bbb-common-web/src/main/java/org/bigbluebutton/presentation/PresentationUrlDownloadService.java
_2BgxMFkHEeyewPSmlgszyA,bbb-common-web/src/main/java/org/bigbluebutton/presentation/DocumentConversionServiceImp.java
_2BgxMFkHEeyewPSmlgszyA,bbb-common-web/src/main/java/org/bigbluebutton/presentation/imp/Office2PdfPageConverter.java
_2BgxMFkHEeyewPSmlgszyA,bbb-common-web/src/main/java/org/bigbluebutton/presentation/ThumbnailCreator.java
_2BgxMFkHEeyewPSmlgszyA,bbb-common-web/src/main/java/org/bigbluebutton/presentation/imp/PresentationFileProcessor.java
_2BgxMFkHEeyewPSmlgszyA,bbb-common-web/src/main/java/org/bigbluebutton/presentation/handlers/AddNamespaceToSvgHandler.java
_2BgxMFkHEeyewPSmlgszyA,bbb-common-web/src/main/java/org/bigbluebutton/presentation/ConversionUpdateMessage.java
_2BgxMFkHEeyewPSmlgszyA,bbb-common-web/src/main/java/org/bigbluebutton/presentation/messages/DocConversionRequestReceived.java
_2BgxMFkHEeyewPSmlgszyA,bbb-common-web/src/main/java/org/bigbluebutton/presentation/SupportedFileTypes.java
_2BgxMFkHEeyewPSmlgszyA,bbb-common-web/src/main/java/org/bigbluebutton/presentation/imp/ThumbnailCreatorImp.java
_2BgxMFkHEeyewPSmlgszyA,bbb-common-web/src/main/java/org/bigbluebutton/presentation/imp/ExternalProcessExecutor.java
_2BgxMFkHEeyewPSmlgszyA,bbb-common-web/src/main/java/org/bigbluebutton/presentation/imp/CountingPageException.java
_2BgxMFkHEeyewPSmlgszyA,bbb-common-web/src/main/java/org/bigbluebutton/presentation/UploadedPresentation.java
_2BgxMFkHEeyewPSmlgszyA,bbb-common-web/src/main/java/org/bigbluebutton/presentation/messages/UploadFileTooLargeMessage.java
_2BgxMFkHEeyewPSmlgszyA,bbb-common-web/src/main/java/org/bigbluebutton/presentation/handlers/AbstractCommandHandler.java
_2BgxMFkHEeyewPSmlgszyA,bbb-common-web/src/main/java/org/bigbluebutton/presentation/Util.java
_2BgxMFkHEeyewPSmlgszyA,bbb-common-web/src/main/java/org/bigbluebutton/presentation/imp/PageCounterService.java
_2BgxMFkHEeyewPSmlgszyA,bbb-common-web/src/main/java/org/bigbluebutton/presentation/imp/ImageResizerImp.java
_2BgxMFkHEeyewPSmlgszyA,bbb-common-web/src/main/java/org/bigbluebutton/presentation/imp/TextFileCreatorImp.java
_2BgxMFkHEeyewPSmlgszyA,bbb-common-web/src/main/java/org/bigbluebutton/presentation/messages/IPresentationCompletionMessage.java
_2BgxMFkHEeyewPSmlgszyA,bbb-common-web/src/main/java/org/bigbluebutton/presentation/messages/DocPageConversionStarted.java
_2BgxMFkHEeyewPSmlgszyA,bbb-common-web/src/main/java/org/bigbluebutton/presentation/messages/DocConversionProgress.java
_2BgxMFkHEeyewPSmlgszyA,bbb-common-web/src/main/java/org/bigbluebutton/presentation/Page.java
_2BgxMFkHEeyewPSmlgszyA,bbb-common-web/src/main/java/org/bigbluebutton/presentation/PageCounter.java
_2BgxMFkHEeyewPSmlgszyA,bbb-common-web/src/main/java/org/bigbluebutton/presentation/messages/UploadFileTimedoutMessage.java
_2BgxMFkHEeyewPSmlgszyA,bbb-common-web/src/main/java/org/bigbluebutton/presentation/imp/PresentationConversionCompletionService.java
_2BgxMFkHEeyewPSmlgszyA,bbb-common-web/src/main/java/org/bigbluebutton/presentation/ConversionMessageConstants.java
_2BgxMFkHEeyewPSmlgszyA,bbb-common-web/src/main/java/org/bigbluebutton/presentation/imp/SlidesGenerationProgressNotifier.java
_2BgxMFkHEeyewPSmlgszyA,bbb-common-web/src/main/java/org/bigbluebutton/presentation/imp/PngCreatorImp.java
_2BgxMFkHEeyewPSmlgszyA,bbb-common-web/src/main/java/org/bigbluebutton/presentation/imp/OfficeDocumentValidator.java
_2BgxMFkHEeyewPSmlgszyA,bbb-common-web/src/main/java/org/bigbluebutton/presentation/imp/OfficeDocumentValidator2.java
_2BgxMFkHEeyewPSmlgszyA,bbb-common-web/src/main/java/org/bigbluebutton/presentation/imp/PdfPageDownscaler.java
_2BgxMFkHEeyewPSmlgszyA,bbb-common-web/src/main/java/org/bigbluebutton/presentation/handlers/Pdf2PngPageConverterHandler.java
_2BgxMFkHEeyewPSmlgszyA,bbb-common-web/src/main/java/org/bigbluebutton/presentation/handlers/PdfFontType3DetectorHandler.java
_2BgxMFkHEeyewPSmlgszyA,bbb-common-web/src/main/java/org/bigbluebutton/presentation/messages/PdfConversionInvalid.java
_2BgxMFkHEeyewPSmlgszyA,bbb-common-web/src/main/java/org/bigbluebutton/presentation/imp/PdfPageCounter.java
_2BgxMFkHEeyewPSmlgszyA,bbb-common-web/src/main/java/org/bigbluebutton/presentation/PageConverter.java
_2BgxMFkHEeyewPSmlgszyA,bbb-common-web/src/main/java/org/bigbluebutton/presentation/messages/PageConvertProgressMessage.java
_2BgxMFkHEeyewPSmlgszyA,bbb-common-web/src/main/java/org/bigbluebutton/presentation/messages/DocPageGeneratedProgress.java
_2BgxMFkHEeyewPSmlgszyA,bbb-common-web/src/main/java/org/bigbluebutton/presentation/PageExtractor.java
_2BgxMFkHEeyewPSmlgszyA,bbb-common-web/src/main/java/org/bigbluebutton/presentation/handlers/ImageResizerHandler.java
_2BgxMFkHEeyewPSmlgszyA,bbb-common-web/src/main/java/org/bigbluebutton/presentation/handlers/Png2SvgConversionHandler.java
_2BgxMFkHEeyewPSmlgszyA,bbb-common-web/src/main/java/org/bigbluebutton/presentation/messages/IDocConversionMsg.java
_2BgxMFkHEeyewPSmlgszyA,bbb-common-web/src/main/java/org/bigbluebutton/presentation/SvgImageCreator.java
_2BgxMFkHEeyewPSmlgszyA,bbb-common-web/src/main/java/org/bigbluebutton/presentation/handlers/PdfPageCounterHandler.java
_2BgxMFkHEeyewPSmlgszyA,bbb-common-web/src/main/java/org/bigbluebutton/presentation/MimeTypeUtils.java
_2BgxMFkHEeyewPSmlgszyA,bbb-common-web/src/main/java/org/bigbluebutton/presentation/imp/PageToConvert.java
_2BgxMFkHEeyewPSmlgszyA,bbb-common-web/src/main/java/org/bigbluebutton/presentation/messages/DocPageCountExceeded.java
_2BgxMFkHEeyewPSmlgszyA,bbb-common-web/src/main/java/org/bigbluebutton/presentation/TextFileCreator.java
_2BgxMFkHEeyewPSmlgszyA,bbb-common-web/src/main/java/org/bigbluebutton/presentation/imp/PageExtractorImp.java
_2I1EsFkIEeyewPSmlgszyA,build/packages-template/bbb-html5/systemd_start.sh
_2I1EsFkIEeyewPSmlgszyA,build/packages-template/bbb-html5/opts-jammy.sh
_2I1EsFkIEeyewPSmlgszyA,build/packages-template/bbb-html5/mongod_start_pre.sh
_2I1EsFkIEeyewPSmlgszyA,build/packages-template/bbb-html5/after-install.sh
_2I1EsFkIEeyewPSmlgszyA,build/packages-template/bbb-html5/kill_mongo.sh
_2I1EsFkIEeyewPSmlgszyA,build/packages-template/bbb-html5/after-remove.sh
_2I1EsFkIEeyewPSmlgszyA,build/packages-template/bbb-html5/build.sh
_2I1EsFkIEeyewPSmlgszyA,build/packages-template/bbb-html5/before-install.sh
_2I1EsFkIEeyewPSmlgszyA,build/packages-template/bbb-html5/workers-start.sh
_2I1EsFkIEeyewPSmlgszyA,build/packages-template/bbb-html5/run_mongo.sh
_2I1EsFkIEeyewPSmlgszyA,build/packages-template/bbb-html5/systemd_start_frontend.sh
_2I1EsFkIEeyewPSmlgszyA,build/packages-template/bbb-html5/before-remove.sh
_2I1EsFkIEeyewPSmlgszyA,bigbluebutton-html5/transifex.sh
_2I1EsFkIEeyewPSmlgszyA,bigbluebutton-html5/test-html5.sh
_2I1EsFkIEeyewPSmlgszyA,bigbluebutton-html5/run-dev.sh
_2I1EsFkIEeyewPSmlgszyA,bigbluebutton-html5/deploy_to_usr_share.sh
_4yx-8FkHEeyewPSmlgszyA,bigbluebutton-web/pres-checker/run.sh
_4yx-8FkHEeyewPSmlgszyA,bigbluebutton-web/test/groovy/org/bigbluebutton/api/messaging/NullMessagingService.java
_4yx-8FkHEeyewPSmlgszyA,bigbluebutton-web/pres-checker/src/main/java/org/bigbluebutton/prescheck/Main.java
_4yx-8FkHEeyewPSmlgszyA,bigbluebutton-web/test/groovy/org/bigbluebutton/api/ParamsProcessorUtilTest.java
_4yx-8FkHEeyewPSmlgszyA,bigbluebutton-web/run-dev.sh
_4yx-8FkHEeyewPSmlgszyA,bigbluebutton-web/build.sh
_4yx-8FkHEeyewPSmlgszyA,bigbluebutton-web/deploy_to_usr_share.sh
_4yx-8FkHEeyewPSmlgszyA,bigbluebutton-web/pres-checker/build.sh
_4yx-8FkHEeyewPSmlgszyA,bigbluebutton-web/run.sh
_4yx-8FkHEeyewPSmlgszyA,bbb-common-web/src/main/java/org/bigbluebutton/web/services/KeepAlivePing.java
_4yx-8FkHEeyewPSmlgszyA,bbb-common-web/src/main/java/org/bigbluebutton/web/services/KeepAliveMessage.java
_4yx-8FkHEeyewPSmlgszyA,bbb-common-web/src/main/java/org/bigbluebutton/web/services/turn/TurnEntry.java
_4yx-8FkHEeyewPSmlgszyA,bbb-common-web/src/main/java/org/bigbluebutton/web/services/WaitingGuestCleanupTimerTask.java
_4yx-8FkHEeyewPSmlgszyA,bbb-common-web/src/main/java/org/bigbluebutton/web/services/EnteredUserCleanupTimerTask.java
_4yx-8FkHEeyewPSmlgszyA,bbb-common-web/src/main/java/org/bigbluebutton/web/services/callback/ICallbackEvent.java
_4yx-8FkHEeyewPSmlgszyA,bbb-common-web/src/main/java/org/bigbluebutton/web/services/turn/StunServer.java
_4yx-8FkHEeyewPSmlgszyA,bbb-common-web/src/main/java/org/bigbluebutton/web/services/turn/RemoteIceCandidate.java
_4yx-8FkHEeyewPSmlgszyA,bbb-common-web/src/main/java/org/bigbluebutton/web/services/IStorageService.java
_4yx-8FkHEeyewPSmlgszyA,bbb-common-web/src/main/java/org/bigbluebutton/web/services/KeepAlivePong.java
_4yx-8FkHEeyewPSmlgszyA,bbb-common-web/src/main/java/org/bigbluebutton/web/services/callback/MeetingEndedEvent.java
_4yx-8FkHEeyewPSmlgszyA,bbb-common-web/src/main/java/org/bigbluebutton/web/services/KeepAliveService.java
_4yx-8FkHEeyewPSmlgszyA,bbb-common-web/src/main/java/org/bigbluebutton/web/services/callback/DelayCallback.java
_4yx-8FkHEeyewPSmlgszyA,bbb-common-web/src/main/java/org/bigbluebutton/web/services/turn/StunTurnService.java
_4yx-8FkHEeyewPSmlgszyA,bbb-common-web/src/main/java/org/bigbluebutton/web/services/UserCleanupTimerTask.java
_4yx-8FkHEeyewPSmlgszyA,bbb-common-web/src/main/java/org/bigbluebutton/web/services/turn/TurnServer.java
_4yx-8FkHEeyewPSmlgszyA,bbb-common-web/src/main/java/org/bigbluebutton/web/services/callback/CallbackUrlService.java
_4yx-8FkHEeyewPSmlgszyA,build/packages-template/bbb-web/opts-jammy.sh
_4yx-8FkHEeyewPSmlgszyA,build/packages-template/bbb-web/setenv.sh
_4yx-8FkHEeyewPSmlgszyA,build/packages-template/bbb-web/build.sh
_4yx-8FkHEeyewPSmlgszyA,build/packages-template/bbb-web/before-install.sh
_4yx-8FkHEeyewPSmlgszyA,build/packages-template/bbb-web/after-install.sh
_6sergFkHEeyewPSmlgszyA,bbb-common-message/src/main/java/org/bigbluebutton/common2/redis/pubsub/MessageReceiver.java
_6sergFkHEeyewPSmlgszyA,bbb-common-message/src/main/java/org/bigbluebutton/common2/redis/pubsub/MessageDistributor.java
_6sergFkHEeyewPSmlgszyA,bbb-common-message/src/main/java/org/bigbluebutton/common2/redis/pubsub/MessageHandler.java
_6sergFkHEeyewPSmlgszyA,bbb-common-message/src/main/java/org/bigbluebutton/common2/redis/pubsub/MessageToSend.java
_6sergFkHEeyewPSmlgszyA,bbb-common-message/src/main/java/org/bigbluebutton/common2/redis/pubsub/ReceivedMessageHandler.java
_6sergFkHEeyewPSmlgszyA,bbb-common-message/src/main/java/org/bigbluebutton/common2/redis/pubsub/MessageSender.java
_6sergFkHEeyewPSmlgszyA,bbb-common-message/src/main/java/org/bigbluebutton/common2/redis/pubsub/ReceivedMessage.java
_7b12cFkIEeyewPSmlgszyA,bbb-common-web/src/main/java/org/bigbluebutton/presentation/messages/PresentationConvertMessage.java
_7b12cFkIEeyewPSmlgszyA,bbb-common-web/src/main/java/org/bigbluebutton/presentation/DocumentConversionService.java
_7b12cFkIEeyewPSmlgszyA,bbb-common-web/src/main/java/org/bigbluebutton/presentation/handlers/SvgConversionHandler.java
_7b12cFkIEeyewPSmlgszyA,bbb-common-web/src/main/java/org/bigbluebutton/presentation/OfficeToPdfConversionSuccessFilter.java
_7b12cFkIEeyewPSmlgszyA,bbb-common-web/src/main/java/org/bigbluebutton/presentation/imp/OfficeToPdfConversionService.java
_7b12cFkIEeyewPSmlgszyA,bbb-common-web/src/main/java/org/bigbluebutton/presentation/PageAnalyser.java
_7b12cFkIEeyewPSmlgszyA,bbb-common-web/src/main/java/org/bigbluebutton/presentation/messages/DocInvalidMimeType.java
_7b12cFkIEeyewPSmlgszyA,bbb-common-web/src/main/java/org/bigbluebutton/presentation/ImageResizer.java
_7b12cFkIEeyewPSmlgszyA,bbb-common-web/src/main/java/org/bigbluebutton/presentation/imp/PresentationToConvert.java
_7b12cFkIEeyewPSmlgszyA,bbb-common-web/src/main/java/org/bigbluebutton/presentation/messages/DocPageCountFailed.java
_7b12cFkIEeyewPSmlgszyA,bbb-common-web/src/main/java/org/bigbluebutton/presentation/imp/BigPdfException.java
_7b12cFkIEeyewPSmlgszyA,bbb-common-web/src/main/java/org/bigbluebutton/presentation/messages/DocPageCompletedProgress.java
_7b12cFkIEeyewPSmlgszyA,bbb-common-web/src/main/java/org/bigbluebutton/presentation/handlers/Office2PdfConverterHandler.java
_7b12cFkIEeyewPSmlgszyA,bbb-common-web/src/main/java/org/bigbluebutton/presentation/PngCreator.java
_7b12cFkIEeyewPSmlgszyA,bbb-common-web/src/main/java/org/bigbluebutton/presentation/FileTypeConstants.java
_7b12cFkIEeyewPSmlgszyA,bbb-common-web/src/main/java/org/bigbluebutton/presentation/imp/PdfSlidesGenerationService.java
_7b12cFkIEeyewPSmlgszyA,bbb-common-web/src/main/java/org/bigbluebutton/presentation/GeneratedSlidesInfoHelper.java
_7b12cFkIEeyewPSmlgszyA,bbb-common-web/src/main/java/org/bigbluebutton/presentation/imp/ImageSlidesGenerationService.java
_7b12cFkIEeyewPSmlgszyA,bbb-common-web/src/main/java/org/bigbluebutton/presentation/SupportedDocumentFilter.java
_7b12cFkIEeyewPSmlgszyA,bbb-common-web/src/main/java/org/bigbluebutton/presentation/imp/SvgImageCreatorImp.java
_7b12cFkIEeyewPSmlgszyA,bbb-common-web/src/main/java/org/bigbluebutton/presentation/PresentationUrlDownloadService.java
_7b12cFkIEeyewPSmlgszyA,bbb-common-web/src/main/java/org/bigbluebutton/presentation/DocumentConversionServiceImp.java
_7b12cFkIEeyewPSmlgszyA,bbb-common-web/src/main/java/org/bigbluebutton/presentation/imp/Office2PdfPageConverter.java
_7b12cFkIEeyewPSmlgszyA,bbb-common-web/src/main/java/org/bigbluebutton/presentation/ThumbnailCreator.java
_7b12cFkIEeyewPSmlgszyA,bbb-common-web/src/main/java/org/bigbluebutton/presentation/imp/PresentationFileProcessor.java
_7b12cFkIEeyewPSmlgszyA,bbb-common-web/src/main/java/org/bigbluebutton/presentation/handlers/AddNamespaceToSvgHandler.java
_7b12cFkIEeyewPSmlgszyA,bbb-common-web/src/main/java/org/bigbluebutton/presentation/ConversionUpdateMessage.java
_7b12cFkIEeyewPSmlgszyA,bbb-common-web/src/main/java/org/bigbluebutton/presentation/messages/DocConversionRequestReceived.java
_7b12cFkIEeyewPSmlgszyA,bbb-common-web/src/main/java/org/bigbluebutton/presentation/SupportedFileTypes.java
_7b12cFkIEeyewPSmlgszyA,bbb-common-web/src/main/java/org/bigbluebutton/presentation/imp/ThumbnailCreatorImp.java
_7b12cFkIEeyewPSmlgszyA,bbb-common-web/src/main/java/org/bigbluebutton/presentation/imp/ExternalProcessExecutor.java
_7b12cFkIEeyewPSmlgszyA,bbb-common-web/src/main/java/org/bigbluebutton/presentation/imp/CountingPageException.java
_7b12cFkIEeyewPSmlgszyA,bbb-common-web/src/main/java/org/bigbluebutton/presentation/UploadedPresentation.java
_7b12cFkIEeyewPSmlgszyA,bbb-common-web/src/main/java/org/bigbluebutton/presentation/messages/UploadFileTooLargeMessage.java
_7b12cFkIEeyewPSmlgszyA,bbb-common-web/src/main/java/org/bigbluebutton/presentation/handlers/AbstractCommandHandler.java
_7b12cFkIEeyewPSmlgszyA,bbb-common-web/src/main/java/org/bigbluebutton/presentation/Util.java
_7b12cFkIEeyewPSmlgszyA,bbb-common-web/src/main/java/org/bigbluebutton/presentation/imp/PageCounterService.java
_7b12cFkIEeyewPSmlgszyA,bbb-common-web/src/main/java/org/bigbluebutton/presentation/imp/ImageResizerImp.java
_7b12cFkIEeyewPSmlgszyA,bbb-common-web/src/main/java/org/bigbluebutton/presentation/imp/TextFileCreatorImp.java
_7b12cFkIEeyewPSmlgszyA,bbb-common-web/src/main/java/org/bigbluebutton/presentation/messages/IPresentationCompletionMessage.java
_7b12cFkIEeyewPSmlgszyA,bbb-common-web/src/main/java/org/bigbluebutton/presentation/messages/DocPageConversionStarted.java
_7b12cFkIEeyewPSmlgszyA,bbb-common-web/src/main/java/org/bigbluebutton/presentation/messages/DocConversionProgress.java
_7b12cFkIEeyewPSmlgszyA,bbb-common-web/src/main/java/org/bigbluebutton/presentation/Page.java
_7b12cFkIEeyewPSmlgszyA,bbb-common-web/src/main/java/org/bigbluebutton/presentation/PageCounter.java
_7b12cFkIEeyewPSmlgszyA,bbb-common-web/src/main/java/org/bigbluebutton/presentation/messages/UploadFileTimedoutMessage.java
_7b12cFkIEeyewPSmlgszyA,bbb-common-web/src/main/java/org/bigbluebutton/presentation/imp/PresentationConversionCompletionService.java
_7b12cFkIEeyewPSmlgszyA,bbb-common-web/src/main/java/org/bigbluebutton/presentation/ConversionMessageConstants.java
_7b12cFkIEeyewPSmlgszyA,bbb-common-web/src/main/java/org/bigbluebutton/presentation/imp/SlidesGenerationProgressNotifier.java
_7b12cFkIEeyewPSmlgszyA,bbb-common-web/src/main/java/org/bigbluebutton/presentation/imp/PngCreatorImp.java
_7b12cFkIEeyewPSmlgszyA,bbb-common-web/src/main/java/org/bigbluebutton/presentation/imp/OfficeDocumentValidator.java
_7b12cFkIEeyewPSmlgszyA,bbb-common-web/src/main/java/org/bigbluebutton/presentation/imp/OfficeDocumentValidator2.java
_7b12cFkIEeyewPSmlgszyA,bbb-common-web/src/main/java/org/bigbluebutton/presentation/imp/PdfPageDownscaler.java
_7b12cFkIEeyewPSmlgszyA,bbb-common-web/src/main/java/org/bigbluebutton/presentation/handlers/Pdf2PngPageConverterHandler.java
_7b12cFkIEeyewPSmlgszyA,bbb-common-web/src/main/java/org/bigbluebutton/presentation/handlers/PdfFontType3DetectorHandler.java
_7b12cFkIEeyewPSmlgszyA,bbb-common-web/src/main/java/org/bigbluebutton/presentation/messages/PdfConversionInvalid.java
_7b12cFkIEeyewPSmlgszyA,bbb-common-web/src/main/java/org/bigbluebutton/presentation/imp/PdfPageCounter.java
_7b12cFkIEeyewPSmlgszyA,bbb-common-web/src/main/java/org/bigbluebutton/presentation/PageConverter.java
_7b12cFkIEeyewPSmlgszyA,bbb-common-web/src/main/java/org/bigbluebutton/presentation/messages/PageConvertProgressMessage.java
_7b12cFkIEeyewPSmlgszyA,bbb-common-web/src/main/java/org/bigbluebutton/presentation/messages/DocPageGeneratedProgress.java
_7b12cFkIEeyewPSmlgszyA,bbb-common-web/src/main/java/org/bigbluebutton/presentation/PageExtractor.java
_7b12cFkIEeyewPSmlgszyA,bbb-common-web/src/main/java/org/bigbluebutton/presentation/handlers/ImageResizerHandler.java
_7b12cFkIEeyewPSmlgszyA,bbb-common-web/src/main/java/org/bigbluebutton/presentation/handlers/Png2SvgConversionHandler.java
_7b12cFkIEeyewPSmlgszyA,bbb-common-web/src/main/java/org/bigbluebutton/presentation/messages/IDocConversionMsg.java
_7b12cFkIEeyewPSmlgszyA,bbb-common-web/src/main/java/org/bigbluebutton/presentation/SvgImageCreator.java
_7b12cFkIEeyewPSmlgszyA,bbb-common-web/src/main/java/org/bigbluebutton/presentation/handlers/PdfPageCounterHandler.java
_7b12cFkIEeyewPSmlgszyA,bbb-common-web/src/main/java/org/bigbluebutton/presentation/MimeTypeUtils.java
_7b12cFkIEeyewPSmlgszyA,bbb-common-web/src/main/java/org/bigbluebutton/presentation/imp/PageToConvert.java
_7b12cFkIEeyewPSmlgszyA,bbb-common-web/src/main/java/org/bigbluebutton/presentation/messages/DocPageCountExceeded.java
_7b12cFkIEeyewPSmlgszyA,bbb-common-web/src/main/java/org/bigbluebutton/presentation/TextFileCreator.java
_7b12cFkIEeyewPSmlgszyA,bbb-common-web/src/main/java/org/bigbluebutton/presentation/imp/PageExtractorImp.java
_9wZIcFkHEeyewPSmlgszyA,bbb-fsesl-client/src/main/java/org/freeswitch/esl/client/internal/AbstractEslClientHandler.java
_9wZIcFkHEeyewPSmlgszyA,bbb-fsesl-client/src/main/java/org/freeswitch/esl/client/internal/debug/ChannelEventRunnable.java
_9wZIcFkHEeyewPSmlgszyA,bbb-fsesl-client/src/main/java/org/freeswitch/esl/client/inbound/InboundClientHandler.java
_9wZIcFkHEeyewPSmlgszyA,bbb-fsesl-client/src/main/java/org/freeswitch/esl/client/outbound/AbstractOutboundPipelineFactory.java
_9wZIcFkHEeyewPSmlgszyA,bbb-fsesl-client/src/test/java/org/freeswitch/esl/client/transport/message/EslFrameDecoderTest.java
_9wZIcFkHEeyewPSmlgszyA,bbb-fsesl-client/src/main/java/org/freeswitch/esl/client/manager/ManagerConnection.java
_9wZIcFkHEeyewPSmlgszyA,bbb-fsesl-client/src/main/java/org/freeswitch/esl/client/transport/event/EslEvent.java
_9wZIcFkHEeyewPSmlgszyA,bbb-fsesl-client/src/main/java/org/freeswitch/esl/client/transport/event/EslEventHeaderNames.java
_9wZIcFkHEeyewPSmlgszyA,bbb-fsesl-client/src/main/java/org/freeswitch/esl/client/outbound/example/SimpleHangupPipelineFactory.java
_9wZIcFkHEeyewPSmlgszyA,bbb-fsesl-client/src/main/java/org/freeswitch/esl/client/manager/internal/ManagerConnectionImpl.java
_9wZIcFkHEeyewPSmlgszyA,bbb-fsesl-client/src/main/java/org/freeswitch/esl/client/internal/HeaderParser.java
_9wZIcFkHEeyewPSmlgszyA,bbb-fsesl-client/src/test/java/org/freeswitch/esl/client/outbound/SocketClientTest.java
_9wZIcFkHEeyewPSmlgszyA,bbb-fsesl-client/src/main/java/org/freeswitch/esl/client/outbound/AbstractOutboundClientHandler.java
_9wZIcFkHEeyewPSmlgszyA,bbb-fsesl-client/src/main/java/org/freeswitch/esl/client/example/HeartbeatThread.java
_9wZIcFkHEeyewPSmlgszyA,bbb-fsesl-client/src/main/java/org/freeswitch/esl/client/manager/DefaultManagerConnection.java
_9wZIcFkHEeyewPSmlgszyA,bbb-fsesl-client/src/main/java/org/freeswitch/esl/client/inbound/InboundPipelineFactory.java
_9wZIcFkHEeyewPSmlgszyA,bbb-fsesl-client/src/main/java/org/freeswitch/esl/client/transport/message/EslHeaders.java
_9wZIcFkHEeyewPSmlgszyA,bbb-fsesl-client/src/main/java/org/freeswitch/esl/client/inbound/Client.java
_9wZIcFkHEeyewPSmlgszyA,bbb-fsesl-client/src/main/java/org/freeswitch/esl/client/transport/CommandResponse.java
_9wZIcFkHEeyewPSmlgszyA,bbb-fsesl-client/src/main/java/org/freeswitch/esl/client/internal/IEslProtocolListener.java
_9wZIcFkHEeyewPSmlgszyA,bbb-fsesl-client/src/test/java/org/freeswitch/esl/client/inbound/ClientTest.java
_9wZIcFkHEeyewPSmlgszyA,bbb-fsesl-client/src/main/java/org/freeswitch/esl/client/outbound/example/SimpleHangupOutboundHandler.java
_9wZIcFkHEeyewPSmlgszyA,bbb-fsesl-client/src/main/java/org/freeswitch/esl/client/outbound/SocketClient.java
_9wZIcFkHEeyewPSmlgszyA,bbb-fsesl-client/src/main/java/org/freeswitch/esl/client/internal/debug/ExecutionHandler.java
_9wZIcFkHEeyewPSmlgszyA,bbb-fsesl-client/src/main/java/org/freeswitch/esl/client/example/EslEventListener.java
_9wZIcFkHEeyewPSmlgszyA,bbb-fsesl-client/src/main/java/org/freeswitch/esl/client/example/ExampleClient.java
_9wZIcFkHEeyewPSmlgszyA,bbb-fsesl-client/src/main/java/org/freeswitch/esl/client/transport/message/EslMessage.java
_9wZIcFkHEeyewPSmlgszyA,bbb-fsesl-client/src/main/java/org/freeswitch/esl/client/IEslEventListener.java
_9wZIcFkHEeyewPSmlgszyA,bbb-fsesl-client/src/main/java/org/freeswitch/esl/client/transport/SendMsg.java
_9wZIcFkHEeyewPSmlgszyA,bbb-fsesl-client/src/main/java/org/freeswitch/esl/client/transport/message/EslFrameDecoder.java
_9wZIcFkHEeyewPSmlgszyA,bbb-fsesl-client/src/main/java/org/freeswitch/esl/client/inbound/InboundConnectionFailure.java
_9wZIcFkHEeyewPSmlgszyA,bbb-fsesl-client/deploy.sh
_9wZIcFkHEeyewPSmlgszyA,akka-bbb-fsesl/src/main/java/org/bigbluebutton/freeswitch/voice/commands/ConferenceCommandResult.java
_9wZIcFkHEeyewPSmlgszyA,akka-bbb-fsesl/src/main/java/org/bigbluebutton/freeswitch/voice/freeswitch/actions/HoldUserCommand.java
_9wZIcFkHEeyewPSmlgszyA,akka-bbb-fsesl/src/main/java/org/bigbluebutton/freeswitch/voice/IVoiceConferenceService.java
_9wZIcFkHEeyewPSmlgszyA,akka-bbb-fsesl/src/main/java/org/bigbluebutton/freeswitch/voice/freeswitch/actions/CheckFreeswitchStatusCommand.java
_9wZIcFkHEeyewPSmlgszyA,akka-bbb-fsesl/src/main/java/org/bigbluebutton/freeswitch/voice/freeswitch/actions/CheckIfConfIsRunningCommand.java
_9wZIcFkHEeyewPSmlgszyA,akka-bbb-fsesl/src/main/java/org/bigbluebutton/freeswitch/voice/events/ConfMember.java
_9wZIcFkHEeyewPSmlgszyA,akka-bbb-fsesl/src/main/java/org/bigbluebutton/freeswitch/voice/commands/GetUsersCommand.java
_9wZIcFkHEeyewPSmlgszyA,akka-bbb-fsesl/src/main/java/org/bigbluebutton/freeswitch/voice/events/VoiceConferenceEvent.java
_9wZIcFkHEeyewPSmlgszyA,akka-bbb-fsesl/src/main/java/org/bigbluebutton/freeswitch/voice/freeswitch/actions/DeafUserCommand.java
_9wZIcFkHEeyewPSmlgszyA,akka-bbb-fsesl/src/main/java/org/bigbluebutton/freeswitch/voice/freeswitch/FreeswitchApplication.java
_9wZIcFkHEeyewPSmlgszyA,akka-bbb-fsesl/src/main/java/org/bigbluebutton/freeswitch/voice/commands/ConferenceCommand.java
_9wZIcFkHEeyewPSmlgszyA,akka-bbb-fsesl/src/main/java/org/bigbluebutton/freeswitch/voice/freeswitch/ESLEventListener.java
_9wZIcFkHEeyewPSmlgszyA,akka-bbb-fsesl/src/main/java/org/bigbluebutton/freeswitch/voice/freeswitch/actions/EjectUserCommand.java
_9wZIcFkHEeyewPSmlgszyA,akka-bbb-fsesl/src/main/java/org/bigbluebutton/freeswitch/voice/events/VoiceUserTalkingEvent.java
_9wZIcFkHEeyewPSmlgszyA,akka-bbb-fsesl/src/main/java/org/bigbluebutton/freeswitch/voice/events/FreeswitchStatusReplyEvent.java
_9wZIcFkHEeyewPSmlgszyA,akka-bbb-fsesl/src/main/java/org/bigbluebutton/freeswitch/voice/events/VoiceUserMutedEvent.java
_9wZIcFkHEeyewPSmlgszyA,akka-bbb-fsesl/src/main/java/org/bigbluebutton/freeswitch/voice/events/VoiceUserJoinedEvent.java
_9wZIcFkHEeyewPSmlgszyA,akka-bbb-fsesl/src/main/java/org/bigbluebutton/freeswitch/voice/freeswitch/actions/GetAllUsersCommand.java
_9wZIcFkHEeyewPSmlgszyA,akka-bbb-fsesl/src/main/java/org/bigbluebutton/freeswitch/voice/events/VoiceUserLeftEvent.java
_9wZIcFkHEeyewPSmlgszyA,akka-bbb-fsesl/src/main/java/org/bigbluebutton/freeswitch/voice/freeswitch/actions/StopSoundCommand.java
_9wZIcFkHEeyewPSmlgszyA,akka-bbb-fsesl/src/main/java/org/bigbluebutton/freeswitch/voice/freeswitch/actions/EjectAllUsersCommand.java
_9wZIcFkHEeyewPSmlgszyA,akka-bbb-fsesl/src/main/java/org/bigbluebutton/freeswitch/voice/events/FreeswitchHeartbeatEvent.java
_9wZIcFkHEeyewPSmlgszyA,akka-bbb-fsesl/src/main/java/org/bigbluebutton/freeswitch/voice/freeswitch/response/ConferenceMember.java
_9wZIcFkHEeyewPSmlgszyA,akka-bbb-fsesl/src/main/java/org/bigbluebutton/freeswitch/voice/events/ConferenceEventListener.java
_9wZIcFkHEeyewPSmlgszyA,akka-bbb-fsesl/src/main/java/org/bigbluebutton/freeswitch/voice/commands/EjectUserCommand.java
_9wZIcFkHEeyewPSmlgszyA,akka-bbb-fsesl/src/main/java/org/bigbluebutton/freeswitch/voice/freeswitch/DelayedCommandSenderService.java
_9wZIcFkHEeyewPSmlgszyA,akka-bbb-fsesl/src/main/java/org/bigbluebutton/freeswitch/voice/freeswitch/response/XMLResponseConferenceListParser.java
_9wZIcFkHEeyewPSmlgszyA,akka-bbb-fsesl/src/main/java/org/bigbluebutton/freeswitch/voice/freeswitch/actions/ConferenceCheckRecordCommand.java
_9wZIcFkHEeyewPSmlgszyA,akka-bbb-fsesl/src/main/java/org/bigbluebutton/freeswitch/voice/freeswitch/ConnectionManager.java
_9wZIcFkHEeyewPSmlgszyA,akka-bbb-fsesl/src/main/java/org/bigbluebutton/freeswitch/voice/freeswitch/IDelayedCommandListener.java
_9wZIcFkHEeyewPSmlgszyA,akka-bbb-fsesl/src/main/java/org/bigbluebutton/freeswitch/voice/events/VoiceStartRecordingEvent.java
_9wZIcFkHEeyewPSmlgszyA,akka-bbb-fsesl/src/main/java/org/bigbluebutton/freeswitch/voice/freeswitch/response/ConferenceMemberFlags.java
_9wZIcFkHEeyewPSmlgszyA,akka-bbb-fsesl/src/main/java/org/bigbluebutton/freeswitch/voice/freeswitch/actions/RecordConferenceCommand.java
_9wZIcFkHEeyewPSmlgszyA,akka-bbb-fsesl/src/main/java/org/bigbluebutton/freeswitch/voice/freeswitch/actions/FreeswitchCommand.java
_9wZIcFkHEeyewPSmlgszyA,akka-bbb-fsesl/src/main/java/org/bigbluebutton/freeswitch/voice/commands/MuteUserCommand.java
_9wZIcFkHEeyewPSmlgszyA,akka-bbb-fsesl/src/main/java/org/bigbluebutton/freeswitch/voice/events/VoiceUserLockedEvent.java
_9wZIcFkHEeyewPSmlgszyA,akka-bbb-fsesl/src/main/java/org/bigbluebutton/freeswitch/voice/freeswitch/actions/DelayedCommand.java
_9wZIcFkHEeyewPSmlgszyA,akka-bbb-fsesl/src/main/java/org/bigbluebutton/freeswitch/voice/events/UnknownConferenceEvent.java
_9wZIcFkHEeyewPSmlgszyA,akka-bbb-fsesl/src/main/java/org/bigbluebutton/freeswitch/voice/events/AudioFloorChangedEvent.java
_9wZIcFkHEeyewPSmlgszyA,akka-bbb-fsesl/src/main/java/org/bigbluebutton/freeswitch/voice/events/VoiceConfRunningAndRecordingEvent.java
_9wZIcFkHEeyewPSmlgszyA,akka-bbb-fsesl/src/main/java/org/bigbluebutton/freeswitch/voice/commands/RecordCommand.java
_9wZIcFkHEeyewPSmlgszyA,akka-bbb-fsesl/src/main/java/org/bigbluebutton/freeswitch/voice/freeswitch/actions/GetUsersStatusCommand.java
_9wZIcFkHEeyewPSmlgszyA,akka-bbb-fsesl/src/main/java/org/bigbluebutton/freeswitch/voice/freeswitch/actions/BroadcastConferenceCommand.java
_9wZIcFkHEeyewPSmlgszyA,akka-bbb-fsesl/src/main/java/org/bigbluebutton/freeswitch/voice/freeswitch/actions/ForceEjectUserCommand.java
_9wZIcFkHEeyewPSmlgszyA,akka-bbb-fsesl/src/main/java/org/bigbluebutton/freeswitch/voice/FreeswitchConferenceEventListener.java
_9wZIcFkHEeyewPSmlgszyA,akka-bbb-fsesl/src/main/java/org/bigbluebutton/freeswitch/voice/freeswitch/actions/PlaySoundCommand.java
_9wZIcFkHEeyewPSmlgszyA,akka-bbb-fsesl/src/main/java/org/bigbluebutton/freeswitch/voice/freeswitch/actions/TransferUserToMeetingCommand.java
_9wZIcFkHEeyewPSmlgszyA,akka-bbb-fsesl/src/main/java/org/bigbluebutton/freeswitch/voice/events/VoiceConfRunningEvent.java
_9wZIcFkHEeyewPSmlgszyA,akka-bbb-fsesl/src/main/java/org/bigbluebutton/freeswitch/voice/events/VoiceUsersStatusEvent.java
_9wZIcFkHEeyewPSmlgszyA,akka-bbb-fsesl/src/main/java/org/bigbluebutton/freeswitch/voice/ConferenceServerListener.java
_9wZIcFkHEeyewPSmlgszyA,akka-bbb-fsesl/src/main/java/org/bigbluebutton/freeswitch/voice/freeswitch/actions/MuteUserCommand.java
_9wZIcFkHEeyewPSmlgszyA,akka-bbb-fsesl/src/main/java/org/bigbluebutton/freeswitch/voice/events/ConfRecording.java
_9wZIcFkHEeyewPSmlgszyA,akka-bbb-fsesl/src/main/java/org/bigbluebutton/freeswitch/voice/events/VoiceCallStateEvent.java
_9wZIcFkHEeyewPSmlgszyA,akka-bbb-fsesl/run.sh
_9wZIcFkHEeyewPSmlgszyA,akka-bbb-fsesl/wait-for-it.sh
_9wZIcFkHEeyewPSmlgszyA,akka-bbb-fsesl/run-dev.sh
_9wZIcFkHEeyewPSmlgszyA,build/packages-template/bbb-fsesl-akka/build.sh
_FhvIYFkJEeyewPSmlgszyA,bigbluebutton-web/pres-checker/run.sh
_FhvIYFkJEeyewPSmlgszyA,bigbluebutton-web/test/groovy/org/bigbluebutton/api/messaging/NullMessagingService.java
_FhvIYFkJEeyewPSmlgszyA,bigbluebutton-web/pres-checker/src/main/java/org/bigbluebutton/prescheck/Main.java
_FhvIYFkJEeyewPSmlgszyA,bigbluebutton-web/test/groovy/org/bigbluebutton/api/ParamsProcessorUtilTest.java
_FhvIYFkJEeyewPSmlgszyA,bigbluebutton-web/run-dev.sh
_FhvIYFkJEeyewPSmlgszyA,bigbluebutton-web/build.sh
_FhvIYFkJEeyewPSmlgszyA,bigbluebutton-web/deploy_to_usr_share.sh
_FhvIYFkJEeyewPSmlgszyA,bigbluebutton-web/pres-checker/build.sh
_FhvIYFkJEeyewPSmlgszyA,bigbluebutton-web/run.sh
_FhvIYFkJEeyewPSmlgszyA,bbb-common-web/src/main/java/org/bigbluebutton/web/services/KeepAlivePing.java
_FhvIYFkJEeyewPSmlgszyA,bbb-common-web/src/main/java/org/bigbluebutton/web/services/KeepAliveMessage.java
_FhvIYFkJEeyewPSmlgszyA,bbb-common-web/src/main/java/org/bigbluebutton/web/services/turn/TurnEntry.java
_FhvIYFkJEeyewPSmlgszyA,bbb-common-web/src/main/java/org/bigbluebutton/web/services/WaitingGuestCleanupTimerTask.java
_FhvIYFkJEeyewPSmlgszyA,bbb-common-web/src/main/java/org/bigbluebutton/web/services/EnteredUserCleanupTimerTask.java
_FhvIYFkJEeyewPSmlgszyA,bbb-common-web/src/main/java/org/bigbluebutton/web/services/callback/ICallbackEvent.java
_FhvIYFkJEeyewPSmlgszyA,bbb-common-web/src/main/java/org/bigbluebutton/web/services/turn/StunServer.java
_FhvIYFkJEeyewPSmlgszyA,bbb-common-web/src/main/java/org/bigbluebutton/web/services/turn/RemoteIceCandidate.java
_FhvIYFkJEeyewPSmlgszyA,bbb-common-web/src/main/java/org/bigbluebutton/web/services/IStorageService.java
_FhvIYFkJEeyewPSmlgszyA,bbb-common-web/src/main/java/org/bigbluebutton/web/services/KeepAlivePong.java
_FhvIYFkJEeyewPSmlgszyA,bbb-common-web/src/main/java/org/bigbluebutton/web/services/callback/MeetingEndedEvent.java
_FhvIYFkJEeyewPSmlgszyA,bbb-common-web/src/main/java/org/bigbluebutton/web/services/KeepAliveService.java
_FhvIYFkJEeyewPSmlgszyA,bbb-common-web/src/main/java/org/bigbluebutton/web/services/callback/DelayCallback.java
_FhvIYFkJEeyewPSmlgszyA,bbb-common-web/src/main/java/org/bigbluebutton/web/services/turn/StunTurnService.java
_FhvIYFkJEeyewPSmlgszyA,bbb-common-web/src/main/java/org/bigbluebutton/web/services/UserCleanupTimerTask.java
_FhvIYFkJEeyewPSmlgszyA,bbb-common-web/src/main/java/org/bigbluebutton/web/services/turn/TurnServer.java
_FhvIYFkJEeyewPSmlgszyA,bbb-common-web/src/main/java/org/bigbluebutton/web/services/callback/CallbackUrlService.java
_FhvIYFkJEeyewPSmlgszyA,build/packages-template/bbb-web/opts-jammy.sh
_FhvIYFkJEeyewPSmlgszyA,build/packages-template/bbb-web/setenv.sh
_FhvIYFkJEeyewPSmlgszyA,build/packages-template/bbb-web/build.sh
_FhvIYFkJEeyewPSmlgszyA,build/packages-template/bbb-web/before-install.sh
_FhvIYFkJEeyewPSmlgszyA,build/packages-template/bbb-web/after-install.sh
_IixQcFkJEeyewPSmlgszyA,bbb-common-message/src/main/java/org/bigbluebutton/common2/redis/pubsub/MessageReceiver.java
_IixQcFkJEeyewPSmlgszyA,bbb-common-message/src/main/java/org/bigbluebutton/common2/redis/pubsub/MessageDistributor.java
_IixQcFkJEeyewPSmlgszyA,bbb-common-message/src/main/java/org/bigbluebutton/common2/redis/pubsub/MessageHandler.java
_IixQcFkJEeyewPSmlgszyA,bbb-common-message/src/main/java/org/bigbluebutton/common2/redis/pubsub/MessageToSend.java
_IixQcFkJEeyewPSmlgszyA,bbb-common-message/src/main/java/org/bigbluebutton/common2/redis/pubsub/ReceivedMessageHandler.java
_IixQcFkJEeyewPSmlgszyA,bbb-common-message/src/main/java/org/bigbluebutton/common2/redis/pubsub/MessageSender.java
_IixQcFkJEeyewPSmlgszyA,bbb-common-message/src/main/java/org/bigbluebutton/common2/redis/pubsub/ReceivedMessage.java
_MUFl8FkJEeyewPSmlgszyA,bbb-fsesl-client/src/main/java/org/freeswitch/esl/client/internal/AbstractEslClientHandler.java
_MUFl8FkJEeyewPSmlgszyA,bbb-fsesl-client/src/main/java/org/freeswitch/esl/client/internal/debug/ChannelEventRunnable.java
_MUFl8FkJEeyewPSmlgszyA,bbb-fsesl-client/src/main/java/org/freeswitch/esl/client/inbound/InboundClientHandler.java
_MUFl8FkJEeyewPSmlgszyA,bbb-fsesl-client/src/main/java/org/freeswitch/esl/client/outbound/AbstractOutboundPipelineFactory.java
_MUFl8FkJEeyewPSmlgszyA,bbb-fsesl-client/src/test/java/org/freeswitch/esl/client/transport/message/EslFrameDecoderTest.java
_MUFl8FkJEeyewPSmlgszyA,bbb-fsesl-client/src/main/java/org/freeswitch/esl/client/manager/ManagerConnection.java
_MUFl8FkJEeyewPSmlgszyA,bbb-fsesl-client/src/main/java/org/freeswitch/esl/client/transport/event/EslEvent.java
_MUFl8FkJEeyewPSmlgszyA,bbb-fsesl-client/src/main/java/org/freeswitch/esl/client/transport/event/EslEventHeaderNames.java
_MUFl8FkJEeyewPSmlgszyA,bbb-fsesl-client/src/main/java/org/freeswitch/esl/client/outbound/example/SimpleHangupPipelineFactory.java
_MUFl8FkJEeyewPSmlgszyA,bbb-fsesl-client/src/main/java/org/freeswitch/esl/client/manager/internal/ManagerConnectionImpl.java
_MUFl8FkJEeyewPSmlgszyA,bbb-fsesl-client/src/main/java/org/freeswitch/esl/client/internal/HeaderParser.java
_MUFl8FkJEeyewPSmlgszyA,bbb-fsesl-client/src/test/java/org/freeswitch/esl/client/outbound/SocketClientTest.java
_MUFl8FkJEeyewPSmlgszyA,bbb-fsesl-client/src/main/java/org/freeswitch/esl/client/outbound/AbstractOutboundClientHandler.java
_MUFl8FkJEeyewPSmlgszyA,bbb-fsesl-client/src/main/java/org/freeswitch/esl/client/example/HeartbeatThread.java
_MUFl8FkJEeyewPSmlgszyA,bbb-fsesl-client/src/main/java/org/freeswitch/esl/client/manager/DefaultManagerConnection.java
_MUFl8FkJEeyewPSmlgszyA,bbb-fsesl-client/src/main/java/org/freeswitch/esl/client/inbound/InboundPipelineFactory.java
_MUFl8FkJEeyewPSmlgszyA,bbb-fsesl-client/src/main/java/org/freeswitch/esl/client/transport/message/EslHeaders.java
_MUFl8FkJEeyewPSmlgszyA,bbb-fsesl-client/src/main/java/org/freeswitch/esl/client/inbound/Client.java
_MUFl8FkJEeyewPSmlgszyA,bbb-fsesl-client/src/main/java/org/freeswitch/esl/client/transport/CommandResponse.java
_MUFl8FkJEeyewPSmlgszyA,bbb-fsesl-client/src/main/java/org/freeswitch/esl/client/internal/IEslProtocolListener.java
_MUFl8FkJEeyewPSmlgszyA,bbb-fsesl-client/src/test/java/org/freeswitch/esl/client/inbound/ClientTest.java
_MUFl8FkJEeyewPSmlgszyA,bbb-fsesl-client/src/main/java/org/freeswitch/esl/client/outbound/example/SimpleHangupOutboundHandler.java
_MUFl8FkJEeyewPSmlgszyA,bbb-fsesl-client/src/main/java/org/freeswitch/esl/client/outbound/SocketClient.java
_MUFl8FkJEeyewPSmlgszyA,bbb-fsesl-client/src/main/java/org/freeswitch/esl/client/internal/debug/ExecutionHandler.java
_MUFl8FkJEeyewPSmlgszyA,bbb-fsesl-client/src/main/java/org/freeswitch/esl/client/example/EslEventListener.java
_MUFl8FkJEeyewPSmlgszyA,bbb-fsesl-client/src/main/java/org/freeswitch/esl/client/example/ExampleClient.java
_MUFl8FkJEeyewPSmlgszyA,bbb-fsesl-client/src/main/java/org/freeswitch/esl/client/transport/message/EslMessage.java
_MUFl8FkJEeyewPSmlgszyA,bbb-fsesl-client/src/main/java/org/freeswitch/esl/client/IEslEventListener.java
_MUFl8FkJEeyewPSmlgszyA,bbb-fsesl-client/src/main/java/org/freeswitch/esl/client/transport/SendMsg.java
_MUFl8FkJEeyewPSmlgszyA,bbb-fsesl-client/src/main/java/org/freeswitch/esl/client/transport/message/EslFrameDecoder.java
_MUFl8FkJEeyewPSmlgszyA,bbb-fsesl-client/src/main/java/org/freeswitch/esl/client/inbound/InboundConnectionFailure.java
_MUFl8FkJEeyewPSmlgszyA,bbb-fsesl-client/deploy.sh
_MUFl8FkJEeyewPSmlgszyA,akka-bbb-fsesl/src/main/java/org/bigbluebutton/freeswitch/voice/commands/ConferenceCommandResult.java
_MUFl8FkJEeyewPSmlgszyA,akka-bbb-fsesl/src/main/java/org/bigbluebutton/freeswitch/voice/freeswitch/actions/HoldUserCommand.java
_MUFl8FkJEeyewPSmlgszyA,akka-bbb-fsesl/src/main/java/org/bigbluebutton/freeswitch/voice/IVoiceConferenceService.java
_MUFl8FkJEeyewPSmlgszyA,akka-bbb-fsesl/src/main/java/org/bigbluebutton/freeswitch/voice/freeswitch/actions/CheckFreeswitchStatusCommand.java
_MUFl8FkJEeyewPSmlgszyA,akka-bbb-fsesl/src/main/java/org/bigbluebutton/freeswitch/voice/freeswitch/actions/CheckIfConfIsRunningCommand.java
_MUFl8FkJEeyewPSmlgszyA,akka-bbb-fsesl/src/main/java/org/bigbluebutton/freeswitch/voice/events/ConfMember.java
_MUFl8FkJEeyewPSmlgszyA,akka-bbb-fsesl/src/main/java/org/bigbluebutton/freeswitch/voice/commands/GetUsersCommand.java
_MUFl8FkJEeyewPSmlgszyA,akka-bbb-fsesl/src/main/java/org/bigbluebutton/freeswitch/voice/events/VoiceConferenceEvent.java
_MUFl8FkJEeyewPSmlgszyA,akka-bbb-fsesl/src/main/java/org/bigbluebutton/freeswitch/voice/freeswitch/actions/DeafUserCommand.java
_MUFl8FkJEeyewPSmlgszyA,akka-bbb-fsesl/src/main/java/org/bigbluebutton/freeswitch/voice/freeswitch/FreeswitchApplication.java
_MUFl8FkJEeyewPSmlgszyA,akka-bbb-fsesl/src/main/java/org/bigbluebutton/freeswitch/voice/commands/ConferenceCommand.java
_MUFl8FkJEeyewPSmlgszyA,akka-bbb-fsesl/src/main/java/org/bigbluebutton/freeswitch/voice/freeswitch/ESLEventListener.java
_MUFl8FkJEeyewPSmlgszyA,akka-bbb-fsesl/src/main/java/org/bigbluebutton/freeswitch/voice/freeswitch/actions/EjectUserCommand.java
_MUFl8FkJEeyewPSmlgszyA,akka-bbb-fsesl/src/main/java/org/bigbluebutton/freeswitch/voice/events/VoiceUserTalkingEvent.java
_MUFl8FkJEeyewPSmlgszyA,akka-bbb-fsesl/src/main/java/org/bigbluebutton/freeswitch/voice/events/FreeswitchStatusReplyEvent.java
_MUFl8FkJEeyewPSmlgszyA,akka-bbb-fsesl/src/main/java/org/bigbluebutton/freeswitch/voice/events/VoiceUserMutedEvent.java
_MUFl8FkJEeyewPSmlgszyA,akka-bbb-fsesl/src/main/java/org/bigbluebutton/freeswitch/voice/events/VoiceUserJoinedEvent.java
_MUFl8FkJEeyewPSmlgszyA,akka-bbb-fsesl/src/main/java/org/bigbluebutton/freeswitch/voice/freeswitch/actions/GetAllUsersCommand.java
_MUFl8FkJEeyewPSmlgszyA,akka-bbb-fsesl/src/main/java/org/bigbluebutton/freeswitch/voice/events/VoiceUserLeftEvent.java
_MUFl8FkJEeyewPSmlgszyA,akka-bbb-fsesl/src/main/java/org/bigbluebutton/freeswitch/voice/freeswitch/actions/StopSoundCommand.java
_MUFl8FkJEeyewPSmlgszyA,akka-bbb-fsesl/src/main/java/org/bigbluebutton/freeswitch/voice/freeswitch/actions/EjectAllUsersCommand.java
_MUFl8FkJEeyewPSmlgszyA,akka-bbb-fsesl/src/main/java/org/bigbluebutton/freeswitch/voice/events/FreeswitchHeartbeatEvent.java
_MUFl8FkJEeyewPSmlgszyA,akka-bbb-fsesl/src/main/java/org/bigbluebutton/freeswitch/voice/freeswitch/response/ConferenceMember.java
_MUFl8FkJEeyewPSmlgszyA,akka-bbb-fsesl/src/main/java/org/bigbluebutton/freeswitch/voice/events/ConferenceEventListener.java
_MUFl8FkJEeyewPSmlgszyA,akka-bbb-fsesl/src/main/java/org/bigbluebutton/freeswitch/voice/commands/EjectUserCommand.java
_MUFl8FkJEeyewPSmlgszyA,akka-bbb-fsesl/src/main/java/org/bigbluebutton/freeswitch/voice/freeswitch/DelayedCommandSenderService.java
_MUFl8FkJEeyewPSmlgszyA,akka-bbb-fsesl/src/main/java/org/bigbluebutton/freeswitch/voice/freeswitch/response/XMLResponseConferenceListParser.java
_MUFl8FkJEeyewPSmlgszyA,akka-bbb-fsesl/src/main/java/org/bigbluebutton/freeswitch/voice/freeswitch/actions/ConferenceCheckRecordCommand.java
_MUFl8FkJEeyewPSmlgszyA,akka-bbb-fsesl/src/main/java/org/bigbluebutton/freeswitch/voice/freeswitch/ConnectionManager.java
_MUFl8FkJEeyewPSmlgszyA,akka-bbb-fsesl/src/main/java/org/bigbluebutton/freeswitch/voice/freeswitch/IDelayedCommandListener.java
_MUFl8FkJEeyewPSmlgszyA,akka-bbb-fsesl/src/main/java/org/bigbluebutton/freeswitch/voice/events/VoiceStartRecordingEvent.java
_MUFl8FkJEeyewPSmlgszyA,akka-bbb-fsesl/src/main/java/org/bigbluebutton/freeswitch/voice/freeswitch/response/ConferenceMemberFlags.java
_MUFl8FkJEeyewPSmlgszyA,akka-bbb-fsesl/src/main/java/org/bigbluebutton/freeswitch/voice/freeswitch/actions/RecordConferenceCommand.java
_MUFl8FkJEeyewPSmlgszyA,akka-bbb-fsesl/src/main/java/org/bigbluebutton/freeswitch/voice/freeswitch/actions/FreeswitchCommand.java
_MUFl8FkJEeyewPSmlgszyA,akka-bbb-fsesl/src/main/java/org/bigbluebutton/freeswitch/voice/commands/MuteUserCommand.java
_MUFl8FkJEeyewPSmlgszyA,akka-bbb-fsesl/src/main/java/org/bigbluebutton/freeswitch/voice/events/VoiceUserLockedEvent.java
_MUFl8FkJEeyewPSmlgszyA,akka-bbb-fsesl/src/main/java/org/bigbluebutton/freeswitch/voice/freeswitch/actions/DelayedCommand.java
_MUFl8FkJEeyewPSmlgszyA,akka-bbb-fsesl/src/main/java/org/bigbluebutton/freeswitch/voice/events/UnknownConferenceEvent.java
_MUFl8FkJEeyewPSmlgszyA,akka-bbb-fsesl/src/main/java/org/bigbluebutton/freeswitch/voice/events/AudioFloorChangedEvent.java
_MUFl8FkJEeyewPSmlgszyA,akka-bbb-fsesl/src/main/java/org/bigbluebutton/freeswitch/voice/events/VoiceConfRunningAndRecordingEvent.java
_MUFl8FkJEeyewPSmlgszyA,akka-bbb-fsesl/src/main/java/org/bigbluebutton/freeswitch/voice/commands/RecordCommand.java
_MUFl8FkJEeyewPSmlgszyA,akka-bbb-fsesl/src/main/java/org/bigbluebutton/freeswitch/voice/freeswitch/actions/GetUsersStatusCommand.java
_MUFl8FkJEeyewPSmlgszyA,akka-bbb-fsesl/src/main/java/org/bigbluebutton/freeswitch/voice/freeswitch/actions/BroadcastConferenceCommand.java
_MUFl8FkJEeyewPSmlgszyA,akka-bbb-fsesl/src/main/java/org/bigbluebutton/freeswitch/voice/freeswitch/actions/ForceEjectUserCommand.java
_MUFl8FkJEeyewPSmlgszyA,akka-bbb-fsesl/src/main/java/org/bigbluebutton/freeswitch/voice/FreeswitchConferenceEventListener.java
_MUFl8FkJEeyewPSmlgszyA,akka-bbb-fsesl/src/main/java/org/bigbluebutton/freeswitch/voice/freeswitch/actions/PlaySoundCommand.java
_MUFl8FkJEeyewPSmlgszyA,akka-bbb-fsesl/src/main/java/org/bigbluebutton/freeswitch/voice/freeswitch/actions/TransferUserToMeetingCommand.java
_MUFl8FkJEeyewPSmlgszyA,akka-bbb-fsesl/src/main/java/org/bigbluebutton/freeswitch/voice/events/VoiceConfRunningEvent.java
_MUFl8FkJEeyewPSmlgszyA,akka-bbb-fsesl/src/main/java/org/bigbluebutton/freeswitch/voice/events/VoiceUsersStatusEvent.java
_MUFl8FkJEeyewPSmlgszyA,akka-bbb-fsesl/src/main/java/org/bigbluebutton/freeswitch/voice/ConferenceServerListener.java
_MUFl8FkJEeyewPSmlgszyA,akka-bbb-fsesl/src/main/java/org/bigbluebutton/freeswitch/voice/freeswitch/actions/MuteUserCommand.java
_MUFl8FkJEeyewPSmlgszyA,akka-bbb-fsesl/src/main/java/org/bigbluebutton/freeswitch/voice/events/ConfRecording.java
_MUFl8FkJEeyewPSmlgszyA,akka-bbb-fsesl/src/main/java/org/bigbluebutton/freeswitch/voice/events/VoiceCallStateEvent.java
_MUFl8FkJEeyewPSmlgszyA,akka-bbb-fsesl/run.sh
_MUFl8FkJEeyewPSmlgszyA,akka-bbb-fsesl/wait-for-it.sh
_MUFl8FkJEeyewPSmlgszyA,akka-bbb-fsesl/run-dev.sh
_MUFl8FkJEeyewPSmlgszyA,build/packages-template/bbb-fsesl-akka/build.sh
_RDHFIFwPEeyiuNx_RO7j-Q,bbb-common-message/src/main/java/org/bigbluebutton/common2/redis/RedisStorageService.java
_RDHFIFwPEeyiuNx_RO7j-Q,bbb-common-message/src/main/java/org/bigbluebutton/common2/redis/Keys.java
_RDHFIFwPEeyiuNx_RO7j-Q,bbb-common-message/src/main/java/org/bigbluebutton/common2/redis/RedisAwareCommunicator.java
_UV7gwFwPEeyiuNx_RO7j-Q,bbb-common-message/src/main/java/org/bigbluebutton/common2/redis/RedisStorageService.java
_UV7gwFwPEeyiuNx_RO7j-Q,bbb-common-message/src/main/java/org/bigbluebutton/common2/redis/RedisAwareCommunicator.java
_UV7gwFwPEeyiuNx_RO7j-Q,bbb-common-message/src/main/java/org/bigbluebutton/common2/redis/Keys.java
_XuNf4FkJEeyewPSmlgszyA,akka-bbb-apps/src/main/scala/org/bigbluebutton/core/util/jhotdraw/BezierPathIterator.java
_XuNf4FkJEeyewPSmlgszyA,akka-bbb-apps/src/main/scala/org/bigbluebutton/core/util/jhotdraw/PathCommands.java
_XuNf4FkJEeyewPSmlgszyA,akka-bbb-apps/src/main/scala/org/bigbluebutton/core/util/jhotdraw/BezierWrapper.java
_XuNf4FkJEeyewPSmlgszyA,akka-bbb-apps/src/main/scala/org/bigbluebutton/core/util/jhotdraw/PathData.java
_XuNf4FkJEeyewPSmlgszyA,akka-bbb-apps/src/main/scala/org/bigbluebutton/core/util/jhotdraw/BezierPath.java
_XuNf4FkJEeyewPSmlgszyA,akka-bbb-apps/src/main/scala/org/bigbluebutton/core/util/jhotdraw/Bezier.java
_XuNf4FkJEeyewPSmlgszyA,akka-bbb-apps/src/main/scala/org/bigbluebutton/core/util/jhotdraw/Shapes.java
_XuNf4FkJEeyewPSmlgszyA,akka-bbb-apps/src/test/java/org/bigbluebutton/xml/Simple.java
_XuNf4FkJEeyewPSmlgszyA,akka-bbb-apps/src/main/scala/org/bigbluebutton/core/util/jhotdraw/Geom.java
_XuNf4FkJEeyewPSmlgszyA,akka-bbb-apps/deploy.sh
_XuNf4FkJEeyewPSmlgszyA,akka-bbb-apps/run.sh
_XuNf4FkJEeyewPSmlgszyA,akka-bbb-apps/run-dev.sh
_XuNf4FkJEeyewPSmlgszyA,build/packages-template/bbb-apps-akka/build.sh
_ZADiQFkJEeyewPSmlgszyA,akka-bbb-apps/src/main/scala/org/bigbluebutton/core/util/jhotdraw/BezierPathIterator.java
_ZADiQFkJEeyewPSmlgszyA,akka-bbb-apps/src/main/scala/org/bigbluebutton/core/util/jhotdraw/PathCommands.java
_ZADiQFkJEeyewPSmlgszyA,akka-bbb-apps/src/main/scala/org/bigbluebutton/core/util/jhotdraw/BezierWrapper.java
_ZADiQFkJEeyewPSmlgszyA,akka-bbb-apps/src/main/scala/org/bigbluebutton/core/util/jhotdraw/PathData.java
_ZADiQFkJEeyewPSmlgszyA,akka-bbb-apps/src/main/scala/org/bigbluebutton/core/util/jhotdraw/BezierPath.java
_ZADiQFkJEeyewPSmlgszyA,akka-bbb-apps/src/main/scala/org/bigbluebutton/core/util/jhotdraw/Bezier.java
_ZADiQFkJEeyewPSmlgszyA,akka-bbb-apps/src/main/scala/org/bigbluebutton/core/util/jhotdraw/Shapes.java
_ZADiQFkJEeyewPSmlgszyA,akka-bbb-apps/src/test/java/org/bigbluebutton/xml/Simple.java
_ZADiQFkJEeyewPSmlgszyA,akka-bbb-apps/src/main/scala/org/bigbluebutton/core/util/jhotdraw/Geom.java
_ZADiQFkJEeyewPSmlgszyA,akka-bbb-apps/deploy.sh
_ZADiQFkJEeyewPSmlgszyA,akka-bbb-apps/run.sh
_ZADiQFkJEeyewPSmlgszyA,akka-bbb-apps/run-dev.sh
_ZADiQFkJEeyewPSmlgszyA,build/packages-template/bbb-apps-akka/build.sh
_d9jzgFkIEeyewPSmlgszyA,bbb-recording-imex/src/main/java/org/bigbluebutton/RecordingExportHandler.java
_d9jzgFkIEeyewPSmlgszyA,bbb-recording-imex/src/test/java/org/bigbluebutton/RecordingImportHandlerTest.java
_d9jzgFkIEeyewPSmlgszyA,bbb-recording-imex/src/main/java/org/bigbluebutton/RecordingImportHandler.java
_d9jzgFkIEeyewPSmlgszyA,bbb-recording-imex/src/test/java/org/bigbluebutton/RecordingStoreTest.java
_d9jzgFkIEeyewPSmlgszyA,bbb-recording-imex/src/main/java/org/bigbluebutton/RecordingApp.java
_d9jzgFkIEeyewPSmlgszyA,bbb-recording-imex/deploy.sh
_d9jzgFkIEeyewPSmlgszyA,bbb-recording-imex/get-recordings.sh
_d9jzgFkIEeyewPSmlgszyA,bbb-common-web/src/main/java/org/bigbluebutton/api2/IRecordingService.java
_d9jzgFkIEeyewPSmlgszyA,bbb-common-web/src/main/java/org/bigbluebutton/api/service/impl/RecordingServiceDbImpl.java
_d9jzgFkIEeyewPSmlgszyA,bbb-common-web/src/main/java/org/bigbluebutton/api/RecordingServiceHelper.java
_d9jzgFkIEeyewPSmlgszyA,bbb-common-web/src/main/java/org/bigbluebutton/api/service/impl/RecordingServiceFileImpl.java
_d9jzgFkIEeyewPSmlgszyA,bbb-common-web/src/main/java/org/bigbluebutton/api2/RecordingServiceGW.java
_d9jzgFkIEeyewPSmlgszyA,bbb-common-web/src/main/java/org/bigbluebutton/api/RecordingService.java
_kvWs4FkHEeyewPSmlgszyA,bbb-recording-imex/src/main/java/org/bigbluebutton/RecordingExportHandler.java
_kvWs4FkHEeyewPSmlgszyA,bbb-recording-imex/src/test/java/org/bigbluebutton/RecordingImportHandlerTest.java
_kvWs4FkHEeyewPSmlgszyA,bbb-recording-imex/src/main/java/org/bigbluebutton/RecordingImportHandler.java
_kvWs4FkHEeyewPSmlgszyA,bbb-recording-imex/src/test/java/org/bigbluebutton/RecordingStoreTest.java
_kvWs4FkHEeyewPSmlgszyA,bbb-recording-imex/src/main/java/org/bigbluebutton/RecordingApp.java
_kvWs4FkHEeyewPSmlgszyA,bbb-recording-imex/deploy.sh
_kvWs4FkHEeyewPSmlgszyA,bbb-recording-imex/get-recordings.sh
_kvWs4FkHEeyewPSmlgszyA,bbb-common-web/src/main/java/org/bigbluebutton/api2/IRecordingService.java
_kvWs4FkHEeyewPSmlgszyA,bbb-common-web/src/main/java/org/bigbluebutton/api/service/impl/RecordingServiceDbImpl.java
_kvWs4FkHEeyewPSmlgszyA,bbb-common-web/src/main/java/org/bigbluebutton/api/RecordingServiceHelper.java
_kvWs4FkHEeyewPSmlgszyA,bbb-common-web/src/main/java/org/bigbluebutton/api/service/impl/RecordingServiceFileImpl.java
_kvWs4FkHEeyewPSmlgszyA,bbb-common-web/src/main/java/org/bigbluebutton/api2/RecordingServiceGW.java
_kvWs4FkHEeyewPSmlgszyA,bbb-common-web/src/main/java/org/bigbluebutton/api/RecordingService.java
_nwrCMFwPEeyiuNx_RO7j-Q,akka-bbb-fsesl/src/main/java/org/bigbluebutton/freeswitch/voice/commands/ConferenceCommandResult.java
_nwrCMFwPEeyiuNx_RO7j-Q,akka-bbb-fsesl/src/main/java/org/bigbluebutton/freeswitch/voice/freeswitch/actions/HoldUserCommand.java
_nwrCMFwPEeyiuNx_RO7j-Q,akka-bbb-fsesl/src/main/java/org/bigbluebutton/freeswitch/voice/IVoiceConferenceService.java
_nwrCMFwPEeyiuNx_RO7j-Q,akka-bbb-fsesl/src/main/java/org/bigbluebutton/freeswitch/voice/freeswitch/actions/CheckFreeswitchStatusCommand.java
_nwrCMFwPEeyiuNx_RO7j-Q,akka-bbb-fsesl/src/main/java/org/bigbluebutton/freeswitch/voice/freeswitch/actions/CheckIfConfIsRunningCommand.java
_nwrCMFwPEeyiuNx_RO7j-Q,akka-bbb-fsesl/src/main/java/org/bigbluebutton/freeswitch/voice/events/ConfMember.java
_nwrCMFwPEeyiuNx_RO7j-Q,akka-bbb-fsesl/src/main/java/org/bigbluebutton/freeswitch/voice/commands/GetUsersCommand.java
_nwrCMFwPEeyiuNx_RO7j-Q,akka-bbb-fsesl/src/main/java/org/bigbluebutton/freeswitch/voice/events/VoiceConferenceEvent.java
_nwrCMFwPEeyiuNx_RO7j-Q,akka-bbb-fsesl/src/main/java/org/bigbluebutton/freeswitch/voice/freeswitch/actions/DeafUserCommand.java
_nwrCMFwPEeyiuNx_RO7j-Q,akka-bbb-fsesl/src/main/java/org/bigbluebutton/freeswitch/voice/freeswitch/FreeswitchApplication.java
_nwrCMFwPEeyiuNx_RO7j-Q,akka-bbb-fsesl/src/main/java/org/bigbluebutton/freeswitch/voice/commands/ConferenceCommand.java
_nwrCMFwPEeyiuNx_RO7j-Q,akka-bbb-fsesl/src/main/java/org/bigbluebutton/freeswitch/voice/freeswitch/ESLEventListener.java
_nwrCMFwPEeyiuNx_RO7j-Q,akka-bbb-fsesl/src/main/java/org/bigbluebutton/freeswitch/voice/freeswitch/actions/EjectUserCommand.java
_nwrCMFwPEeyiuNx_RO7j-Q,akka-bbb-fsesl/src/main/java/org/bigbluebutton/freeswitch/voice/events/VoiceUserTalkingEvent.java
_nwrCMFwPEeyiuNx_RO7j-Q,akka-bbb-fsesl/src/main/java/org/bigbluebutton/freeswitch/voice/events/FreeswitchStatusReplyEvent.java
_nwrCMFwPEeyiuNx_RO7j-Q,akka-bbb-fsesl/src/main/java/org/bigbluebutton/freeswitch/voice/events/VoiceUserMutedEvent.java
_nwrCMFwPEeyiuNx_RO7j-Q,akka-bbb-fsesl/src/main/java/org/bigbluebutton/freeswitch/voice/events/VoiceUserJoinedEvent.java
_nwrCMFwPEeyiuNx_RO7j-Q,akka-bbb-fsesl/src/main/java/org/bigbluebutton/freeswitch/voice/freeswitch/actions/GetAllUsersCommand.java
_nwrCMFwPEeyiuNx_RO7j-Q,akka-bbb-fsesl/src/main/java/org/bigbluebutton/freeswitch/voice/events/VoiceUserLeftEvent.java
_nwrCMFwPEeyiuNx_RO7j-Q,akka-bbb-fsesl/src/main/java/org/bigbluebutton/freeswitch/voice/freeswitch/actions/StopSoundCommand.java
_nwrCMFwPEeyiuNx_RO7j-Q,akka-bbb-fsesl/src/main/java/org/bigbluebutton/freeswitch/voice/freeswitch/actions/EjectAllUsersCommand.java
_nwrCMFwPEeyiuNx_RO7j-Q,akka-bbb-fsesl/src/main/java/org/bigbluebutton/freeswitch/voice/events/FreeswitchHeartbeatEvent.java
_nwrCMFwPEeyiuNx_RO7j-Q,akka-bbb-fsesl/src/main/java/org/bigbluebutton/freeswitch/voice/freeswitch/response/ConferenceMember.java
_nwrCMFwPEeyiuNx_RO7j-Q,akka-bbb-fsesl/src/main/java/org/bigbluebutton/freeswitch/voice/events/ConferenceEventListener.java
_nwrCMFwPEeyiuNx_RO7j-Q,akka-bbb-fsesl/src/main/java/org/bigbluebutton/freeswitch/voice/commands/EjectUserCommand.java
_nwrCMFwPEeyiuNx_RO7j-Q,akka-bbb-fsesl/src/main/java/org/bigbluebutton/freeswitch/voice/freeswitch/DelayedCommandSenderService.java
_nwrCMFwPEeyiuNx_RO7j-Q,akka-bbb-fsesl/src/main/java/org/bigbluebutton/freeswitch/voice/freeswitch/response/XMLResponseConferenceListParser.java
_nwrCMFwPEeyiuNx_RO7j-Q,akka-bbb-fsesl/src/main/java/org/bigbluebutton/freeswitch/voice/freeswitch/actions/ConferenceCheckRecordCommand.java
_nwrCMFwPEeyiuNx_RO7j-Q,akka-bbb-fsesl/src/main/java/org/bigbluebutton/freeswitch/voice/freeswitch/ConnectionManager.java
_nwrCMFwPEeyiuNx_RO7j-Q,akka-bbb-fsesl/src/main/java/org/bigbluebutton/freeswitch/voice/freeswitch/IDelayedCommandListener.java
_nwrCMFwPEeyiuNx_RO7j-Q,akka-bbb-fsesl/src/main/java/org/bigbluebutton/freeswitch/voice/events/VoiceStartRecordingEvent.java
_nwrCMFwPEeyiuNx_RO7j-Q,akka-bbb-fsesl/src/main/java/org/bigbluebutton/freeswitch/voice/freeswitch/response/ConferenceMemberFlags.java
_nwrCMFwPEeyiuNx_RO7j-Q,akka-bbb-fsesl/src/main/java/org/bigbluebutton/freeswitch/voice/freeswitch/actions/RecordConferenceCommand.java
_nwrCMFwPEeyiuNx_RO7j-Q,akka-bbb-fsesl/src/main/java/org/bigbluebutton/freeswitch/voice/freeswitch/actions/FreeswitchCommand.java
_nwrCMFwPEeyiuNx_RO7j-Q,akka-bbb-fsesl/src/main/java/org/bigbluebutton/freeswitch/voice/commands/MuteUserCommand.java
_nwrCMFwPEeyiuNx_RO7j-Q,akka-bbb-fsesl/src/main/java/org/bigbluebutton/freeswitch/voice/events/VoiceUserLockedEvent.java
_nwrCMFwPEeyiuNx_RO7j-Q,akka-bbb-fsesl/src/main/java/org/bigbluebutton/freeswitch/voice/freeswitch/actions/DelayedCommand.java
_nwrCMFwPEeyiuNx_RO7j-Q,akka-bbb-fsesl/src/main/java/org/bigbluebutton/freeswitch/voice/events/UnknownConferenceEvent.java
_nwrCMFwPEeyiuNx_RO7j-Q,akka-bbb-fsesl/src/main/java/org/bigbluebutton/freeswitch/voice/events/AudioFloorChangedEvent.java
_nwrCMFwPEeyiuNx_RO7j-Q,akka-bbb-fsesl/src/main/java/org/bigbluebutton/freeswitch/voice/events/VoiceConfRunningAndRecordingEvent.java
_nwrCMFwPEeyiuNx_RO7j-Q,akka-bbb-fsesl/src/main/java/org/bigbluebutton/freeswitch/voice/commands/RecordCommand.java
_nwrCMFwPEeyiuNx_RO7j-Q,akka-bbb-fsesl/src/main/java/org/bigbluebutton/freeswitch/voice/freeswitch/actions/GetUsersStatusCommand.java
_nwrCMFwPEeyiuNx_RO7j-Q,akka-bbb-fsesl/src/main/java/org/bigbluebutton/freeswitch/voice/freeswitch/actions/BroadcastConferenceCommand.java
_nwrCMFwPEeyiuNx_RO7j-Q,akka-bbb-fsesl/src/main/java/org/bigbluebutton/freeswitch/voice/freeswitch/actions/ForceEjectUserCommand.java
_nwrCMFwPEeyiuNx_RO7j-Q,akka-bbb-fsesl/src/main/java/org/bigbluebutton/freeswitch/voice/FreeswitchConferenceEventListener.java
_nwrCMFwPEeyiuNx_RO7j-Q,akka-bbb-fsesl/src/main/java/org/bigbluebutton/freeswitch/voice/freeswitch/actions/PlaySoundCommand.java
_nwrCMFwPEeyiuNx_RO7j-Q,akka-bbb-fsesl/src/main/java/org/bigbluebutton/freeswitch/voice/freeswitch/actions/TransferUserToMeetingCommand.java
_nwrCMFwPEeyiuNx_RO7j-Q,akka-bbb-fsesl/src/main/java/org/bigbluebutton/freeswitch/voice/events/VoiceConfRunningEvent.java
_nwrCMFwPEeyiuNx_RO7j-Q,akka-bbb-fsesl/src/main/java/org/bigbluebutton/freeswitch/voice/events/VoiceUsersStatusEvent.java
_nwrCMFwPEeyiuNx_RO7j-Q,akka-bbb-fsesl/src/main/java/org/bigbluebutton/freeswitch/voice/ConferenceServerListener.java
_nwrCMFwPEeyiuNx_RO7j-Q,akka-bbb-fsesl/src/main/java/org/bigbluebutton/freeswitch/voice/freeswitch/actions/MuteUserCommand.java
_nwrCMFwPEeyiuNx_RO7j-Q,akka-bbb-fsesl/src/main/java/org/bigbluebutton/freeswitch/voice/events/ConfRecording.java
_nwrCMFwPEeyiuNx_RO7j-Q,akka-bbb-fsesl/src/main/java/org/bigbluebutton/freeswitch/voice/events/VoiceCallStateEvent.java
_nwrCMFwPEeyiuNx_RO7j-Q,bbb-fsesl-client/src/main/java/org/freeswitch/esl/client/internal/AbstractEslClientHandler.java
_nwrCMFwPEeyiuNx_RO7j-Q,bbb-fsesl-client/src/main/java/org/freeswitch/esl/client/internal/debug/ChannelEventRunnable.java
_nwrCMFwPEeyiuNx_RO7j-Q,bbb-fsesl-client/src/main/java/org/freeswitch/esl/client/inbound/InboundClientHandler.java
_nwrCMFwPEeyiuNx_RO7j-Q,bbb-fsesl-client/src/main/java/org/freeswitch/esl/client/outbound/AbstractOutboundPipelineFactory.java
_nwrCMFwPEeyiuNx_RO7j-Q,bbb-fsesl-client/src/main/java/org/freeswitch/esl/client/manager/ManagerConnection.java
_nwrCMFwPEeyiuNx_RO7j-Q,bbb-fsesl-client/src/main/java/org/freeswitch/esl/client/transport/event/EslEvent.java
_nwrCMFwPEeyiuNx_RO7j-Q,bbb-fsesl-client/src/main/java/org/freeswitch/esl/client/transport/event/EslEventHeaderNames.java
_nwrCMFwPEeyiuNx_RO7j-Q,bbb-fsesl-client/src/main/java/org/freeswitch/esl/client/outbound/example/SimpleHangupPipelineFactory.java
_nwrCMFwPEeyiuNx_RO7j-Q,bbb-fsesl-client/src/main/java/org/freeswitch/esl/client/manager/internal/ManagerConnectionImpl.java
_nwrCMFwPEeyiuNx_RO7j-Q,bbb-fsesl-client/src/main/java/org/freeswitch/esl/client/internal/HeaderParser.java
_nwrCMFwPEeyiuNx_RO7j-Q,bbb-fsesl-client/src/main/java/org/freeswitch/esl/client/outbound/AbstractOutboundClientHandler.java
_nwrCMFwPEeyiuNx_RO7j-Q,bbb-fsesl-client/src/main/java/org/freeswitch/esl/client/example/HeartbeatThread.java
_nwrCMFwPEeyiuNx_RO7j-Q,bbb-fsesl-client/src/main/java/org/freeswitch/esl/client/manager/DefaultManagerConnection.java
_nwrCMFwPEeyiuNx_RO7j-Q,bbb-fsesl-client/src/main/java/org/freeswitch/esl/client/inbound/InboundPipelineFactory.java
_nwrCMFwPEeyiuNx_RO7j-Q,bbb-fsesl-client/src/main/java/org/freeswitch/esl/client/transport/message/EslHeaders.java
_nwrCMFwPEeyiuNx_RO7j-Q,bbb-fsesl-client/src/main/java/org/freeswitch/esl/client/inbound/Client.java
_nwrCMFwPEeyiuNx_RO7j-Q,bbb-fsesl-client/src/main/java/org/freeswitch/esl/client/transport/CommandResponse.java
_nwrCMFwPEeyiuNx_RO7j-Q,bbb-fsesl-client/src/main/java/org/freeswitch/esl/client/internal/IEslProtocolListener.java
_nwrCMFwPEeyiuNx_RO7j-Q,bbb-fsesl-client/src/main/java/org/freeswitch/esl/client/outbound/example/SimpleHangupOutboundHandler.java
_nwrCMFwPEeyiuNx_RO7j-Q,bbb-fsesl-client/src/main/java/org/freeswitch/esl/client/outbound/SocketClient.java
_nwrCMFwPEeyiuNx_RO7j-Q,bbb-fsesl-client/src/main/java/org/freeswitch/esl/client/internal/debug/ExecutionHandler.java
_nwrCMFwPEeyiuNx_RO7j-Q,bbb-fsesl-client/src/main/java/org/freeswitch/esl/client/example/EslEventListener.java
_nwrCMFwPEeyiuNx_RO7j-Q,bbb-fsesl-client/src/main/java/org/freeswitch/esl/client/example/ExampleClient.java
_nwrCMFwPEeyiuNx_RO7j-Q,bbb-fsesl-client/src/main/java/org/freeswitch/esl/client/transport/message/EslMessage.java
_nwrCMFwPEeyiuNx_RO7j-Q,bbb-fsesl-client/src/main/java/org/freeswitch/esl/client/IEslEventListener.java
_nwrCMFwPEeyiuNx_RO7j-Q,bbb-fsesl-client/src/main/java/org/freeswitch/esl/client/transport/SendMsg.java
_nwrCMFwPEeyiuNx_RO7j-Q,bbb-fsesl-client/src/main/java/org/freeswitch/esl/client/transport/message/EslFrameDecoder.java
_nwrCMFwPEeyiuNx_RO7j-Q,bbb-fsesl-client/src/main/java/org/freeswitch/esl/client/inbound/InboundConnectionFailure.java
_nwrCMFwPEeyiuNx_RO7j-Q,bbb-fsesl-client/src/test/java/org/freeswitch/esl/client/transport/message/EslFrameDecoderTest.java
_nwrCMFwPEeyiuNx_RO7j-Q,bbb-fsesl-client/src/test/java/org/freeswitch/esl/client/outbound/SocketClientTest.java
_nwrCMFwPEeyiuNx_RO7j-Q,bbb-fsesl-client/src/test/java/org/freeswitch/esl/client/inbound/ClientTest.java
_nwrCMFwPEeyiuNx_RO7j-Q,build/packages-template/bbb-freeswitch-core/build.sh
_nwrCMFwPEeyiuNx_RO7j-Q,build/packages-template/bbb-freeswitch-core/before-remove.sh
_nwrCMFwPEeyiuNx_RO7j-Q,build/packages-template/bbb-freeswitch-core/after-remove.sh
_nwrCMFwPEeyiuNx_RO7j-Q,build/packages-template/bbb-freeswitch-core/after-install.sh
_nwrCMFwPEeyiuNx_RO7j-Q,build/packages-template/bbb-freeswitch-core/before-install.sh
_nwrCMFwPEeyiuNx_RO7j-Q,build/packages-template/bbb-freeswitch-core/opts-jammy.sh
_nwrCMFwPEeyiuNx_RO7j-Q,build/packages-template/bbb-freeswitch-sounds/opts-jammy.sh
_nwrCMFwPEeyiuNx_RO7j-Q,build/packages-template/bbb-freeswitch-sounds/build.sh
_nwrCMFwPEeyiuNx_RO7j-Q,freeswitch.placeholder.sh
_qa5z0FwPEeyiuNx_RO7j-Q,akka-bbb-fsesl/src/main/java/org/bigbluebutton/freeswitch/voice/commands/ConferenceCommandResult.java
_qa5z0FwPEeyiuNx_RO7j-Q,akka-bbb-fsesl/src/main/java/org/bigbluebutton/freeswitch/voice/freeswitch/actions/HoldUserCommand.java
_qa5z0FwPEeyiuNx_RO7j-Q,akka-bbb-fsesl/src/main/java/org/bigbluebutton/freeswitch/voice/IVoiceConferenceService.java
_qa5z0FwPEeyiuNx_RO7j-Q,akka-bbb-fsesl/src/main/java/org/bigbluebutton/freeswitch/voice/freeswitch/actions/CheckFreeswitchStatusCommand.java
_qa5z0FwPEeyiuNx_RO7j-Q,akka-bbb-fsesl/src/main/java/org/bigbluebutton/freeswitch/voice/freeswitch/actions/CheckIfConfIsRunningCommand.java
_qa5z0FwPEeyiuNx_RO7j-Q,akka-bbb-fsesl/src/main/java/org/bigbluebutton/freeswitch/voice/events/ConfMember.java
_qa5z0FwPEeyiuNx_RO7j-Q,akka-bbb-fsesl/src/main/java/org/bigbluebutton/freeswitch/voice/commands/GetUsersCommand.java
_qa5z0FwPEeyiuNx_RO7j-Q,akka-bbb-fsesl/src/main/java/org/bigbluebutton/freeswitch/voice/events/VoiceConferenceEvent.java
_qa5z0FwPEeyiuNx_RO7j-Q,akka-bbb-fsesl/src/main/java/org/bigbluebutton/freeswitch/voice/freeswitch/actions/DeafUserCommand.java
_qa5z0FwPEeyiuNx_RO7j-Q,akka-bbb-fsesl/src/main/java/org/bigbluebutton/freeswitch/voice/freeswitch/FreeswitchApplication.java
_qa5z0FwPEeyiuNx_RO7j-Q,akka-bbb-fsesl/src/main/java/org/bigbluebutton/freeswitch/voice/commands/ConferenceCommand.java
_qa5z0FwPEeyiuNx_RO7j-Q,akka-bbb-fsesl/src/main/java/org/bigbluebutton/freeswitch/voice/freeswitch/ESLEventListener.java
_qa5z0FwPEeyiuNx_RO7j-Q,akka-bbb-fsesl/src/main/java/org/bigbluebutton/freeswitch/voice/freeswitch/actions/EjectUserCommand.java
_qa5z0FwPEeyiuNx_RO7j-Q,akka-bbb-fsesl/src/main/java/org/bigbluebutton/freeswitch/voice/events/VoiceUserTalkingEvent.java
_qa5z0FwPEeyiuNx_RO7j-Q,akka-bbb-fsesl/src/main/java/org/bigbluebutton/freeswitch/voice/events/FreeswitchStatusReplyEvent.java
_qa5z0FwPEeyiuNx_RO7j-Q,akka-bbb-fsesl/src/main/java/org/bigbluebutton/freeswitch/voice/events/VoiceUserMutedEvent.java
_qa5z0FwPEeyiuNx_RO7j-Q,akka-bbb-fsesl/src/main/java/org/bigbluebutton/freeswitch/voice/events/VoiceUserJoinedEvent.java
_qa5z0FwPEeyiuNx_RO7j-Q,akka-bbb-fsesl/src/main/java/org/bigbluebutton/freeswitch/voice/freeswitch/actions/GetAllUsersCommand.java
_qa5z0FwPEeyiuNx_RO7j-Q,akka-bbb-fsesl/src/main/java/org/bigbluebutton/freeswitch/voice/events/VoiceUserLeftEvent.java
_qa5z0FwPEeyiuNx_RO7j-Q,akka-bbb-fsesl/src/main/java/org/bigbluebutton/freeswitch/voice/freeswitch/actions/StopSoundCommand.java
_qa5z0FwPEeyiuNx_RO7j-Q,akka-bbb-fsesl/src/main/java/org/bigbluebutton/freeswitch/voice/freeswitch/actions/EjectAllUsersCommand.java
_qa5z0FwPEeyiuNx_RO7j-Q,akka-bbb-fsesl/src/main/java/org/bigbluebutton/freeswitch/voice/events/FreeswitchHeartbeatEvent.java
_qa5z0FwPEeyiuNx_RO7j-Q,akka-bbb-fsesl/src/main/java/org/bigbluebutton/freeswitch/voice/freeswitch/response/ConferenceMember.java
_qa5z0FwPEeyiuNx_RO7j-Q,akka-bbb-fsesl/src/main/java/org/bigbluebutton/freeswitch/voice/events/ConferenceEventListener.java
_qa5z0FwPEeyiuNx_RO7j-Q,akka-bbb-fsesl/src/main/java/org/bigbluebutton/freeswitch/voice/commands/EjectUserCommand.java
_qa5z0FwPEeyiuNx_RO7j-Q,akka-bbb-fsesl/src/main/java/org/bigbluebutton/freeswitch/voice/freeswitch/DelayedCommandSenderService.java
_qa5z0FwPEeyiuNx_RO7j-Q,akka-bbb-fsesl/src/main/java/org/bigbluebutton/freeswitch/voice/freeswitch/response/XMLResponseConferenceListParser.java
_qa5z0FwPEeyiuNx_RO7j-Q,akka-bbb-fsesl/src/main/java/org/bigbluebutton/freeswitch/voice/freeswitch/actions/ConferenceCheckRecordCommand.java
_qa5z0FwPEeyiuNx_RO7j-Q,akka-bbb-fsesl/src/main/java/org/bigbluebutton/freeswitch/voice/freeswitch/ConnectionManager.java
_qa5z0FwPEeyiuNx_RO7j-Q,akka-bbb-fsesl/src/main/java/org/bigbluebutton/freeswitch/voice/freeswitch/IDelayedCommandListener.java
_qa5z0FwPEeyiuNx_RO7j-Q,akka-bbb-fsesl/src/main/java/org/bigbluebutton/freeswitch/voice/events/VoiceStartRecordingEvent.java
_qa5z0FwPEeyiuNx_RO7j-Q,akka-bbb-fsesl/src/main/java/org/bigbluebutton/freeswitch/voice/freeswitch/response/ConferenceMemberFlags.java
_qa5z0FwPEeyiuNx_RO7j-Q,akka-bbb-fsesl/src/main/java/org/bigbluebutton/freeswitch/voice/freeswitch/actions/RecordConferenceCommand.java
_qa5z0FwPEeyiuNx_RO7j-Q,akka-bbb-fsesl/src/main/java/org/bigbluebutton/freeswitch/voice/freeswitch/actions/FreeswitchCommand.java
_qa5z0FwPEeyiuNx_RO7j-Q,akka-bbb-fsesl/src/main/java/org/bigbluebutton/freeswitch/voice/commands/MuteUserCommand.java
_qa5z0FwPEeyiuNx_RO7j-Q,akka-bbb-fsesl/src/main/java/org/bigbluebutton/freeswitch/voice/events/VoiceUserLockedEvent.java
_qa5z0FwPEeyiuNx_RO7j-Q,akka-bbb-fsesl/src/main/java/org/bigbluebutton/freeswitch/voice/freeswitch/actions/DelayedCommand.java
_qa5z0FwPEeyiuNx_RO7j-Q,akka-bbb-fsesl/src/main/java/org/bigbluebutton/freeswitch/voice/events/UnknownConferenceEvent.java
_qa5z0FwPEeyiuNx_RO7j-Q,akka-bbb-fsesl/src/main/java/org/bigbluebutton/freeswitch/voice/events/AudioFloorChangedEvent.java
_qa5z0FwPEeyiuNx_RO7j-Q,akka-bbb-fsesl/src/main/java/org/bigbluebutton/freeswitch/voice/events/VoiceConfRunningAndRecordingEvent.java
_qa5z0FwPEeyiuNx_RO7j-Q,akka-bbb-fsesl/src/main/java/org/bigbluebutton/freeswitch/voice/commands/RecordCommand.java
_qa5z0FwPEeyiuNx_RO7j-Q,akka-bbb-fsesl/src/main/java/org/bigbluebutton/freeswitch/voice/freeswitch/actions/GetUsersStatusCommand.java
_qa5z0FwPEeyiuNx_RO7j-Q,akka-bbb-fsesl/src/main/java/org/bigbluebutton/freeswitch/voice/freeswitch/actions/BroadcastConferenceCommand.java
_qa5z0FwPEeyiuNx_RO7j-Q,akka-bbb-fsesl/src/main/java/org/bigbluebutton/freeswitch/voice/freeswitch/actions/ForceEjectUserCommand.java
_qa5z0FwPEeyiuNx_RO7j-Q,akka-bbb-fsesl/src/main/java/org/bigbluebutton/freeswitch/voice/FreeswitchConferenceEventListener.java
_qa5z0FwPEeyiuNx_RO7j-Q,akka-bbb-fsesl/src/main/java/org/bigbluebutton/freeswitch/voice/freeswitch/actions/PlaySoundCommand.java
_qa5z0FwPEeyiuNx_RO7j-Q,akka-bbb-fsesl/src/main/java/org/bigbluebutton/freeswitch/voice/freeswitch/actions/TransferUserToMeetingCommand.java
_qa5z0FwPEeyiuNx_RO7j-Q,akka-bbb-fsesl/src/main/java/org/bigbluebutton/freeswitch/voice/events/VoiceConfRunningEvent.java
_qa5z0FwPEeyiuNx_RO7j-Q,akka-bbb-fsesl/src/main/java/org/bigbluebutton/freeswitch/voice/events/VoiceUsersStatusEvent.java
_qa5z0FwPEeyiuNx_RO7j-Q,akka-bbb-fsesl/src/main/java/org/bigbluebutton/freeswitch/voice/ConferenceServerListener.java
_qa5z0FwPEeyiuNx_RO7j-Q,akka-bbb-fsesl/src/main/java/org/bigbluebutton/freeswitch/voice/freeswitch/actions/MuteUserCommand.java
_qa5z0FwPEeyiuNx_RO7j-Q,akka-bbb-fsesl/src/main/java/org/bigbluebutton/freeswitch/voice/events/ConfRecording.java
_qa5z0FwPEeyiuNx_RO7j-Q,akka-bbb-fsesl/src/main/java/org/bigbluebutton/freeswitch/voice/events/VoiceCallStateEvent.java
_qa5z0FwPEeyiuNx_RO7j-Q,bbb-fsesl-client/src/main/java/org/freeswitch/esl/client/internal/AbstractEslClientHandler.java
_qa5z0FwPEeyiuNx_RO7j-Q,bbb-fsesl-client/src/main/java/org/freeswitch/esl/client/internal/debug/ChannelEventRunnable.java
_qa5z0FwPEeyiuNx_RO7j-Q,bbb-fsesl-client/src/main/java/org/freeswitch/esl/client/inbound/InboundClientHandler.java
_qa5z0FwPEeyiuNx_RO7j-Q,bbb-fsesl-client/src/main/java/org/freeswitch/esl/client/outbound/AbstractOutboundPipelineFactory.java
_qa5z0FwPEeyiuNx_RO7j-Q,bbb-fsesl-client/src/main/java/org/freeswitch/esl/client/manager/ManagerConnection.java
_qa5z0FwPEeyiuNx_RO7j-Q,bbb-fsesl-client/src/main/java/org/freeswitch/esl/client/transport/event/EslEvent.java
_qa5z0FwPEeyiuNx_RO7j-Q,bbb-fsesl-client/src/main/java/org/freeswitch/esl/client/transport/event/EslEventHeaderNames.java
_qa5z0FwPEeyiuNx_RO7j-Q,bbb-fsesl-client/src/main/java/org/freeswitch/esl/client/outbound/example/SimpleHangupPipelineFactory.java
_qa5z0FwPEeyiuNx_RO7j-Q,bbb-fsesl-client/src/main/java/org/freeswitch/esl/client/manager/internal/ManagerConnectionImpl.java
_qa5z0FwPEeyiuNx_RO7j-Q,bbb-fsesl-client/src/main/java/org/freeswitch/esl/client/internal/HeaderParser.java
_qa5z0FwPEeyiuNx_RO7j-Q,bbb-fsesl-client/src/main/java/org/freeswitch/esl/client/outbound/AbstractOutboundClientHandler.java
_qa5z0FwPEeyiuNx_RO7j-Q,bbb-fsesl-client/src/main/java/org/freeswitch/esl/client/example/HeartbeatThread.java
_qa5z0FwPEeyiuNx_RO7j-Q,bbb-fsesl-client/src/main/java/org/freeswitch/esl/client/manager/DefaultManagerConnection.java
_qa5z0FwPEeyiuNx_RO7j-Q,bbb-fsesl-client/src/main/java/org/freeswitch/esl/client/inbound/InboundPipelineFactory.java
_qa5z0FwPEeyiuNx_RO7j-Q,bbb-fsesl-client/src/main/java/org/freeswitch/esl/client/transport/message/EslHeaders.java
_qa5z0FwPEeyiuNx_RO7j-Q,bbb-fsesl-client/src/main/java/org/freeswitch/esl/client/inbound/Client.java
_qa5z0FwPEeyiuNx_RO7j-Q,bbb-fsesl-client/src/main/java/org/freeswitch/esl/client/transport/CommandResponse.java
_qa5z0FwPEeyiuNx_RO7j-Q,bbb-fsesl-client/src/main/java/org/freeswitch/esl/client/internal/IEslProtocolListener.java
_qa5z0FwPEeyiuNx_RO7j-Q,bbb-fsesl-client/src/main/java/org/freeswitch/esl/client/outbound/example/SimpleHangupOutboundHandler.java
_qa5z0FwPEeyiuNx_RO7j-Q,bbb-fsesl-client/src/main/java/org/freeswitch/esl/client/outbound/SocketClient.java
_qa5z0FwPEeyiuNx_RO7j-Q,bbb-fsesl-client/src/main/java/org/freeswitch/esl/client/internal/debug/ExecutionHandler.java
_qa5z0FwPEeyiuNx_RO7j-Q,bbb-fsesl-client/src/main/java/org/freeswitch/esl/client/example/EslEventListener.java
_qa5z0FwPEeyiuNx_RO7j-Q,bbb-fsesl-client/src/main/java/org/freeswitch/esl/client/example/ExampleClient.java
_qa5z0FwPEeyiuNx_RO7j-Q,bbb-fsesl-client/src/main/java/org/freeswitch/esl/client/transport/message/EslMessage.java
_qa5z0FwPEeyiuNx_RO7j-Q,bbb-fsesl-client/src/main/java/org/freeswitch/esl/client/IEslEventListener.java
_qa5z0FwPEeyiuNx_RO7j-Q,bbb-fsesl-client/src/main/java/org/freeswitch/esl/client/transport/SendMsg.java
_qa5z0FwPEeyiuNx_RO7j-Q,bbb-fsesl-client/src/main/java/org/freeswitch/esl/client/transport/message/EslFrameDecoder.java
_qa5z0FwPEeyiuNx_RO7j-Q,bbb-fsesl-client/src/main/java/org/freeswitch/esl/client/inbound/InboundConnectionFailure.java
_qa5z0FwPEeyiuNx_RO7j-Q,bbb-fsesl-client/src/test/java/org/freeswitch/esl/client/transport/message/EslFrameDecoderTest.java
_qa5z0FwPEeyiuNx_RO7j-Q,bbb-fsesl-client/src/test/java/org/freeswitch/esl/client/outbound/SocketClientTest.java
_qa5z0FwPEeyiuNx_RO7j-Q,bbb-fsesl-client/src/test/java/org/freeswitch/esl/client/inbound/ClientTest.java
_qa5z0FwPEeyiuNx_RO7j-Q,build/packages-template/bbb-freeswitch-core/build.sh
_qa5z0FwPEeyiuNx_RO7j-Q,build/packages-template/bbb-freeswitch-core/before-remove.sh
_qa5z0FwPEeyiuNx_RO7j-Q,build/packages-template/bbb-freeswitch-core/after-remove.sh
_qa5z0FwPEeyiuNx_RO7j-Q,build/packages-template/bbb-freeswitch-core/after-install.sh
_qa5z0FwPEeyiuNx_RO7j-Q,build/packages-template/bbb-freeswitch-core/before-install.sh
_qa5z0FwPEeyiuNx_RO7j-Q,build/packages-template/bbb-freeswitch-core/opts-jammy.sh
_qa5z0FwPEeyiuNx_RO7j-Q,build/packages-template/bbb-freeswitch-sounds/opts-jammy.sh
_qa5z0FwPEeyiuNx_RO7j-Q,build/packages-template/bbb-freeswitch-sounds/build.sh
_qa5z0FwPEeyiuNx_RO7j-Q,freeswitch.placeholder.sh
_s0aIcFkHEeyewPSmlgszyA,build/packages-template/bbb-webrtc-sfu/build.sh
_s0aIcFkHEeyewPSmlgszyA,build/packages-template/bbb-webrtc-sfu/after-install.sh
_s0aIcFkHEeyewPSmlgszyA,build/packages-template/bbb-webrtc-sfu/before-install.sh
_s0aIcFkHEeyewPSmlgszyA,build/packages-template/bbb-webrtc-sfu/before-remove.sh
_s0aIcFkHEeyewPSmlgszyA,build/packages-template/bbb-webrtc-sfu/opts-jammy.sh
_s0aIcFkHEeyewPSmlgszyA,bbb-webrtc-sfu.placeholder.sh
_ur280FkIEeyewPSmlgszyA,build/packages-template/bbb-webrtc-sfu/build.sh
_ur280FkIEeyewPSmlgszyA,build/packages-template/bbb-webrtc-sfu/after-install.sh
_ur280FkIEeyewPSmlgszyA,build/packages-template/bbb-webrtc-sfu/before-install.sh
_ur280FkIEeyewPSmlgszyA,build/packages-template/bbb-webrtc-sfu/before-remove.sh
_ur280FkIEeyewPSmlgszyA,build/packages-template/bbb-webrtc-sfu/opts-jammy.sh
_ur280FkIEeyewPSmlgszyA,bbb-webrtc-sfu.placeholder.sh
_xqkJoFkIEeyewPSmlgszyA,build/packages-template/bbb-html5/systemd_start.sh
_xqkJoFkIEeyewPSmlgszyA,build/packages-template/bbb-html5/opts-jammy.sh
_xqkJoFkIEeyewPSmlgszyA,build/packages-template/bbb-html5/mongod_start_pre.sh
_xqkJoFkIEeyewPSmlgszyA,build/packages-template/bbb-html5/after-install.sh
_xqkJoFkIEeyewPSmlgszyA,build/packages-template/bbb-html5/kill_mongo.sh
_xqkJoFkIEeyewPSmlgszyA,build/packages-template/bbb-html5/after-remove.sh
_xqkJoFkIEeyewPSmlgszyA,build/packages-template/bbb-html5/build.sh
_xqkJoFkIEeyewPSmlgszyA,build/packages-template/bbb-html5/before-install.sh
_xqkJoFkIEeyewPSmlgszyA,build/packages-template/bbb-html5/workers-start.sh
_xqkJoFkIEeyewPSmlgszyA,build/packages-template/bbb-html5/run_mongo.sh
_xqkJoFkIEeyewPSmlgszyA,build/packages-template/bbb-html5/systemd_start_frontend.sh
_xqkJoFkIEeyewPSmlgszyA,build/packages-template/bbb-html5/before-remove.sh
_xqkJoFkIEeyewPSmlgszyA,bigbluebutton-html5/transifex.sh
_xqkJoFkIEeyewPSmlgszyA,bigbluebutton-html5/test-html5.sh
_xqkJoFkIEeyewPSmlgszyA,bigbluebutton-html5/run-dev.sh
_xqkJoFkIEeyewPSmlgszyA,bigbluebutton-html5/deploy_to_usr_share.sh
_yGgUMFkHEeyewPSmlgszyA,build/packages-template/bbb-html5/systemd_start.sh
_yGgUMFkHEeyewPSmlgszyA,build/packages-template/bbb-html5/opts-jammy.sh
_yGgUMFkHEeyewPSmlgszyA,build/packages-template/bbb-html5/mongod_start_pre.sh
_yGgUMFkHEeyewPSmlgszyA,build/packages-template/bbb-html5/after-install.sh
_yGgUMFkHEeyewPSmlgszyA,build/packages-template/bbb-html5/kill_mongo.sh
_yGgUMFkHEeyewPSmlgszyA,build/packages-template/bbb-html5/after-remove.sh
_yGgUMFkHEeyewPSmlgszyA,build/packages-template/bbb-html5/build.sh
_yGgUMFkHEeyewPSmlgszyA,build/packages-template/bbb-html5/before-install.sh
_yGgUMFkHEeyewPSmlgszyA,build/packages-template/bbb-html5/workers-start.sh
_yGgUMFkHEeyewPSmlgszyA,build/packages-template/bbb-html5/run_mongo.sh
_yGgUMFkHEeyewPSmlgszyA,build/packages-template/bbb-html5/systemd_start_frontend.sh
_yGgUMFkHEeyewPSmlgszyA,build/packages-template/bbb-html5/before-remove.sh
_yGgUMFkHEeyewPSmlgszyA,bigbluebutton-html5/transifex.sh
_yGgUMFkHEeyewPSmlgszyA,bigbluebutton-html5/test-html5.sh
_yGgUMFkHEeyewPSmlgszyA,bigbluebutton-html5/run-dev.sh
_yGgUMFkHEeyewPSmlgszyA,bigbluebutton-html5/deploy_to_usr_share.sh
